#
# There is insufficient memory for the Java Runtime Environment to continue.
# Native memory allocation (malloc) failed to allocate 13639000 bytes. Error detail: Chunk::new
# Possible reasons:
#   The system is out of physical RAM or swap space
#   This process is running with CompressedOops enabled, and the Java Heap may be blocking the growth of the native heap
# Possible solutions:
#   Reduce memory load on the system
#   Increase physical memory or swap space
#   Check if swap backing store is full
#   Decrease Java heap size (-Xmx/-Xms)
#   Decrease number of Java threads
#   Decrease Java thread stack sizes (-Xss)
#   Set larger code cache with -XX:ReservedCodeCacheSize=
#   JVM is running with Zero Based Compressed Oops mode in which the Java heap is
#     placed in the first 32GB address space. The Java Heap base address is the
#     maximum limit for the native heap growth. Please use -XX:HeapBaseMinAddress
#     to set the Java Heap base and to place the Java Heap above 32GB virtual address.
# This output file may be truncated or incomplete.
#
#  Out of Memory Error (arena.cpp:186), pid=26896, tid=31560
#
# JRE version: OpenJDK Runtime Environment Temurin-25.0.4.1+1 (25.0.4.1+1) (build 25.0.4.1+1-LTS)
# Java VM: OpenJDK 64-Bit Server VM Temurin-25.0.4.1+1 (25.0.4.1+1-LTS, mixed mode, sharing, tiered, compressed oops, compressed class ptrs, g1 gc, windows-amd64)
# No core dump will be written. Minidumps are not enabled by default on client versions of Windows
#

---------------  S U M M A R Y ------------

Command Line: -Xms8G -Xmx10G paper.jar --nogui

Host: AMD Ryzen 7 7700X 8-Core Processor             , 16 cores, 31G,  Windows 11 , 64 bit Build 26100 (10.0.26100.9444)
Time: Mon Sep 14 22:47:40 2026 elapsed time: 2721.157187 seconds (0d 0h 45m 21s)

---------------  T H R E A D  ---------------

Current thread (0x0000016243edbe50):  JavaThread "C2 CompilerThread0" daemon [_thread_in_native, id=31560, stack(0x0000004d5f700000,0x0000004d5f800000) (1024K)]


Current CompileTask:
C2:2721157 54980 %     4       net.minecraft.world.level.levelgen.structure.pools.JigsawPlacement$Placer::tryPlacingChildren @ 634 (1216 bytes)

Stack: [0x0000004d5f700000,0x0000004d5f800000]
Native frames: (J=compiled Java code, j=interpreted, Vv=VM code, C=native code)
V  [jvm.dll+0x7aba79]  (no source info available)
V  [jvm.dll+0x775a3d]  (no source info available)
V  [jvm.dll+0x9fb9ed]  (no source info available)
V  [jvm.dll+0x9fdfe1]  (no source info available)
V  [jvm.dll+0x9fe6f3]  (no source info available)
V  [jvm.dll+0x2fdb36]  (no source info available)
V  [jvm.dll+0x111936]  (no source info available)
V  [jvm.dll+0x111c5e]  (no source info available)
V  [jvm.dll+0x1a08d2]  (no source info available)
V  [jvm.dll+0x3b7292]  (no source info available)
V  [jvm.dll+0x7b13fc]  (no source info available)
V  [jvm.dll+0x2c0ef7]  (no source info available)
V  [jvm.dll+0x2bfebf]  (no source info available)
V  [jvm.dll+0x237a30]  (no source info available)
V  [jvm.dll+0x2cffb6]  (no source info available)
V  [jvm.dll+0x2ce23a]  (no source info available)
V  [jvm.dll+0x49131e]  (no source info available)
V  [jvm.dll+0x99cb1d]  (no source info available)
V  [jvm.dll+0x7aa025]  (no source info available)
C  [ucrtbase.dll+0x2cd30]  (no source info available)
C  [KERNEL32.DLL+0x2cd87]  (no source info available)
C  [ntdll.dll+0xacaec]  (no source info available)

Lock stack of current Java thread (top to bottom):


---------------  P R O C E S S  ---------------

Threads class SMR info:
_java_thread_list=0x000001624e6b8e50, length=145, elements={
0x0000016243ed0520, 0x0000016243ec7480, 0x0000016243ec9c50, 0x0000016243ecc950,
0x0000016243eceda0, 0x0000016243ed2f50, 0x0000016243edbe50, 0x0000016243ee6a80,
0x0000016246e36d20, 0x0000016246e4a240, 0x000001621f149c20, 0x000001624c587050,
0x000001624cc67ce0, 0x000001624cd477a0, 0x0000016250022aa0, 0x0000016250020390,
0x00000162500249e0, 0x000001625001fbc0, 0x0000016247297e00, 0x00000162502dd040,
0x0000016259a71810, 0x0000016259a6f100, 0x0000016259a700a0, 0x000001625641fb80,
0x00000162564249a0, 0x00000162564212f0, 0x0000016256421ac0, 0x0000016258136310,
0x0000016258135370, 0x0000016258138250, 0x0000016258134ba0, 0x0000016258135b40,
0x000001625813a190, 0x0000016256385e60, 0x000001625638d390, 0x00000162563940f0,
0x0000016256395090, 0x00000162589bb9e0, 0x00000162589bd150, 0x00000162589bc980,
0x00000162589baa40, 0x00000162589c17a0, 0x000001624f518c50, 0x000001624f51d2a0,
0x000001624f51ea10, 0x000001624f51e240, 0x000001624f51f1e0, 0x000001624f521120,
0x000001624f523060, 0x000001624f5220c0, 0x000001624f524fa0, 0x000001624f525f40,
0x0000016250021330, 0x00000162500222d0, 0x00000162502e06f0, 0x000001626499d8c0,
0x000001626499e090, 0x000001626499e860, 0x000001626499c920, 0x00000162649a3680,
0x00000162649a07a0, 0x00000162649a0f70, 0x00000162649a4df0, 0x00000162649a4620,
0x00000162649a6d30, 0x00000162649a55c0, 0x00000162649a7cd0, 0x00000162671abde0,
0x00000162671ac5b0, 0x00000162671afc60, 0x00000162671b13d0, 0x00000162671add20,
0x00000162671b0430, 0x00000162671b2370, 0x00000162671b3ae0, 0x00000162671b5250,
0x000001624dd40830, 0x000001624dd446b0, 0x000001624dd45650, 0x000001624dd465f0,
0x000001624dd44e80, 0x000001624dd47590, 0x000001624dd494d0, 0x000001624dd45e20,
0x000001624dd4bbe0, 0x000001624dd4d350, 0x000001624dd4cb80, 0x000001624dd49ca0,
0x000001624dd4e2f0, 0x000001624dd4b410, 0x000001624dd4fa60, 0x000001624dd50230,
0x000001624dd53110, 0x000001624dd50a00, 0x000001624dd538e0, 0x000001624dd54880,
0x000001624dd540b0, 0x000001624dd55820, 0x000001624dd55050, 0x000001624dd5b5e0,
0x000001624dd5cd50, 0x000001624dd5ae10, 0x000001624dd596a0, 0x000001624dd5a640,
0x000001624dd5e4c0, 0x000001626499a9e0, 0x00000162671b8130, 0x000001625638a4b0,
0x00000162502def80, 0x00000162502dc870, 0x00000162502da160, 0x00000162502ddfe0,
0x00000162502db100, 0x00000162502dff20, 0x0000016256422a60, 0x00000162589c0800,
0x0000016259a71040, 0x000001626484da70, 0x000001626484e240, 0x000001626484cad0,
0x0000016264865170, 0x000001625638b450, 0x000001624f522890, 0x0000016250021b00,
0x0000016250026920, 0x00000162583d38e0, 0x00000162583e32e0, 0x00000162583e88d0,
0x00000162583ea040, 0x00000162583ea810, 0x00000162583eb7b0, 0x00000162647600d0,
0x000001626475d9c0, 0x0000016264762010, 0x0000016264761070, 0x0000016264767600,
0x0000016264757c00, 0x0000016264769540, 0x0000016264765e90, 0x000001626484c300,
0x0000016264853060, 0x0000016264856ee0, 0x000001626485ad60, 0x0000016264849bf0,
0x0000016264854fa0
}

Java Threads: ( => current thread )
  0x0000016243ed0520 JavaThread "Reference Handler"          daemon [_thread_blocked, id=26260, stack(0x0000004d5f100000,0x0000004d5f200000) (1024K)]
  0x0000016243ec7480 JavaThread "Finalizer"                  daemon [_thread_blocked, id=30996, stack(0x0000004d5f200000,0x0000004d5f300000) (1024K)]
  0x0000016243ec9c50 JavaThread "Signal Dispatcher"          daemon [_thread_blocked, id=33460, stack(0x0000004d5f300000,0x0000004d5f400000) (1024K)]
  0x0000016243ecc950 JavaThread "Attach Listener"            daemon [_thread_blocked, id=424, stack(0x0000004d5f400000,0x0000004d5f500000) (1024K)]
  0x0000016243eceda0 JavaThread "Service Thread"             daemon [_thread_blocked, id=8312, stack(0x0000004d5f500000,0x0000004d5f600000) (1024K)]
  0x0000016243ed2f50 JavaThread "Monitor Deflation Thread"   daemon [_thread_blocked, id=29240, stack(0x0000004d5f600000,0x0000004d5f700000) (1024K)]
=>0x0000016243edbe50 JavaThread "C2 CompilerThread0"         daemon [_thread_in_native, id=31560, stack(0x0000004d5f700000,0x0000004d5f800000) (1024K)]
  0x0000016243ee6a80 JavaThread "C1 CompilerThread0"         daemon [_thread_blocked, id=28432, stack(0x0000004d5f800000,0x0000004d5f900000) (1024K)]
  0x0000016246e36d20 JavaThread "Notification Thread"        daemon [_thread_blocked, id=5440, stack(0x0000004d5f900000,0x0000004d5fa00000) (1024K)]
  0x0000016246e4a240 JavaThread "Common-Cleaner"             daemon [_thread_blocked, id=24756, stack(0x0000004d5fa00000,0x0000004d5fb00000) (1024K)]
  0x000001621f149c20 JavaThread "DestroyJavaVM"                     [_thread_blocked, id=33976, stack(0x0000004d5e900000,0x0000004d5ea00000) (1024K)]
  0x000001624c587050 JavaThread "WindowsStreamPump"          daemon [_thread_in_native, id=2972, stack(0x0000004d60300000,0x0000004d60400000) (1024K)]
  0x000001624cc67ce0 JavaThread "Log4j2-AsyncAppenderEventDispatcher-1-Async" daemon [_thread_blocked, id=7888, stack(0x0000004d60400000,0x0000004d60500000) (1024K)]
  0x000001624cd477a0 JavaThread "JNA Cleaner"                daemon [_thread_blocked, id=25700, stack(0x0000004d60600000,0x0000004d60700000) (1024K)]
  0x0000016250022aa0 JavaThread "Timer hack thread"          daemon [_thread_blocked, id=4676, stack(0x0000004d62a00000,0x0000004d62b00000) (1024K)]
  0x0000016250020390 JavaThread "Yggdrasil Key Fetcher"      daemon [_thread_blocked, id=1908, stack(0x0000004d62b00000,0x0000004d62c00000) (1024K)]
  0x00000162500249e0 JavaThread "PaperFilledProfileCache-cleanup-0" daemon [_thread_blocked, id=33440, stack(0x0000004d62c00000,0x0000004d62d00000) (1024K)]
  0x000001625001fbc0 JavaThread "Worker-Main-1"              daemon [_thread_blocked, id=12524, stack(0x0000004d62900000,0x0000004d62a00000) (1024K)]
  0x0000016247297e00 JavaThread "Worker-Main-2"              daemon [_thread_blocked, id=27820, stack(0x0000004d62f00000,0x0000004d63000000) (1024K)]
  0x00000162502dd040 JavaThread "Worker-Main-3"              daemon [_thread_blocked, id=9576, stack(0x0000004d63000000,0x0000004d63100000) (1024K)]
  0x0000016259a71810 JavaThread "Worker-Main-4"              daemon [_thread_blocked, id=29936, stack(0x0000004d63100000,0x0000004d63200000) (1024K)]
  0x0000016259a6f100 JavaThread "Worker-Main-5"              daemon [_thread_blocked, id=33072, stack(0x0000004d63200000,0x0000004d63300000) (1024K)]
  0x0000016259a700a0 JavaThread "Worker-Main-6"              daemon [_thread_blocked, id=34112, stack(0x0000004d63300000,0x0000004d63400000) (1024K)]
  0x000001625641fb80 JavaThread "Server thread"                     [_thread_in_Java, id=25852, stack(0x0000004d63400000,0x0000004d63500000) (1024K)]
  0x00000162564249a0 JavaThread "Paper Common Worker #0"     daemon [_thread_in_Java, id=32352, stack(0x0000004d63800000,0x0000004d63900000) (1024K)]
  0x00000162564212f0 JavaThread "Paper Common Worker #1"     daemon [_thread_in_Java, id=30040, stack(0x0000004d63900000,0x0000004d63a00000) (1024K)]
  0x0000016256421ac0 JavaThread "Paper Common Worker #2"     daemon [_thread_in_Java, id=8416, stack(0x0000004d63a00000,0x0000004d63b00000) (1024K)]
  0x0000016258136310 JavaThread "Paper Common Worker #3"     daemon [_thread_in_Java, id=5956, stack(0x0000004d63b00000,0x0000004d63c00000) (1024K)]
  0x0000016258135370 JavaThread "Paper I/O Worker #0"        daemon [_thread_blocked, id=1816, stack(0x0000004d63c00000,0x0000004d63d00000) (1024K)]
  0x0000016258138250 JavaThread "Paper Watchdog Thread"             [_thread_blocked, id=33636, stack(0x0000004d63d00000,0x0000004d63e00000) (1024K)]
  0x0000016258134ba0 JavaThread "Server console handler"     daemon [_thread_blocked, id=30568, stack(0x0000004d63e00000,0x0000004d63f00000) (1024K)]
  0x0000016258135b40 JavaThread "pool-8-thread-1"                   [_thread_blocked, id=34372, stack(0x0000004d63f00000,0x0000004d64000000) (1024K)]
  0x000001625813a190 JavaThread "Netty NIO IO #0"            daemon [_thread_in_native, id=7992, stack(0x0000004d64000000,0x0000004d64100000) (1024K)]
  0x0000016256385e60 JavaThread "HttpClient-1-SelectorManager" daemon [_thread_in_native, id=34520, stack(0x0000004d64100000,0x0000004d64200000) (1024K)]
  0x000001625638d390 JavaThread "pool-13-thread-1"                  [_thread_blocked, id=17856, stack(0x0000004d64700000,0x0000004d64800000) (1024K)]
  0x00000162563940f0 JavaThread "bStats-Metrics"                    [_thread_blocked, id=34672, stack(0x0000004d64800000,0x0000004d64900000) (1024K)]
  0x0000016256395090 JavaThread "WorldEdit Session Manager"  daemon [_thread_blocked, id=31844, stack(0x0000004d64900000,0x0000004d64a00000) (1024K)]
  0x00000162589bb9e0 JavaThread "FileSystemWatchService"     daemon [_thread_in_native, id=34332, stack(0x0000004d64a00000,0x0000004d64b00000) (1024K)]
  0x00000162589bd150 JavaThread "WorldEdit-RecursiveDirectoryWatcher" daemon [_thread_blocked, id=27784, stack(0x0000004d64b00000,0x0000004d64c00000) (1024K)]
  0x00000162589bc980 JavaThread "bStats-Metrics"             daemon [_thread_blocked, id=16696, stack(0x0000004d64c00000,0x0000004d64d00000) (1024K)]
  0x00000162589baa40 JavaThread "Folia Async Scheduler Thread Timer"        [_thread_blocked, id=26492, stack(0x0000004d64d00000,0x0000004d64e00000) (1024K)]
  0x00000162589c17a0 JavaThread "Folia Async Scheduler Thread #0"        [_thread_blocked, id=2008, stack(0x0000004d64e00000,0x0000004d64f00000) (1024K)]
  0x000001624f518c50 JavaThread "bStats-Metrics"             daemon [_thread_blocked, id=29484, stack(0x0000004d64f00000,0x0000004d65000000) (1024K)]
  0x000001624f51d2a0 JavaThread "HttpClient-2-SelectorManager" daemon [_thread_in_native, id=2188, stack(0x0000004d65000000,0x0000004d65100000) (1024K)]
  0x000001624f51ea10 JavaThread "HttpClient-3-SelectorManager" daemon [_thread_in_native, id=29156, stack(0x0000004d65100000,0x0000004d65200000) (1024K)]
  0x000001624f51e240 JavaThread "bStats-Metrics"                    [_thread_blocked, id=32088, stack(0x0000004d65200000,0x0000004d65300000) (1024K)]
  0x000001624f51f1e0 JavaThread "metrics-submitter"          daemon [_thread_blocked, id=8088, stack(0x0000004d65300000,0x0000004d65400000) (1024K)]
  0x000001624f521120 JavaThread "mysql-cj-abandoned-connection-cleanup" daemon [_thread_blocked, id=34388, stack(0x0000004d65400000,0x0000004d65500000) (1024K)]
  0x000001624f523060 JavaThread "bStats-Metrics"             daemon [_thread_blocked, id=21284, stack(0x0000004d65500000,0x0000004d65600000) (1024K)]
  0x000001624f5220c0 JavaThread "Folia Async Scheduler Thread #1"        [_thread_blocked, id=30052, stack(0x0000004d65600000,0x0000004d65700000) (1024K)]
  0x000001624f524fa0 JavaThread "bStats-Metrics"             daemon [_thread_blocked, id=33988, stack(0x0000004d65800000,0x0000004d65900000) (1024K)]
  0x000001624f525f40 JavaThread "Dimension-Data-IO-Worker-1"        [_thread_blocked, id=2748, stack(0x0000004d65900000,0x0000004d65a00000) (1024K)]
  0x0000016250021330 JavaThread "Dimension-Data-IO-Worker-2"        [_thread_blocked, id=31032, stack(0x0000004d65a00000,0x0000004d65b00000) (1024K)]
  0x00000162500222d0 JavaThread "Dimension-Data-IO-Worker-3"        [_thread_blocked, id=33448, stack(0x0000004d65b00000,0x0000004d65c00000) (1024K)]
  0x00000162502e06f0 JavaThread "Dimension-Data-IO-Worker-4"        [_thread_blocked, id=33436, stack(0x0000004d65c00000,0x0000004d65d00000) (1024K)]
  0x000001626499d8c0 JavaThread "bStats-Metrics"                    [_thread_blocked, id=22008, stack(0x0000004d65e00000,0x0000004d65f00000) (1024K)]
  0x000001626499e090 JavaThread "spark-monitoring-1-thread-1" daemon [_thread_blocked, id=10952, stack(0x0000004d66000000,0x0000004d66100000) (1024K)]
  0x000001626499e860 JavaThread "spark-monitoring-1-thread-2" daemon [_thread_blocked, id=12540, stack(0x0000004d66100000,0x0000004d66200000) (1024K)]
  0x000001626499c920 JavaThread "spark-monitoring-1-thread-3" daemon [_thread_blocked, id=6024, stack(0x0000004d66200000,0x0000004d66300000) (1024K)]
  0x00000162649a3680 JavaThread "spark-monitoring-1-thread-4" daemon [_thread_blocked, id=15372, stack(0x0000004d66300000,0x0000004d66400000) (1024K)]
  0x00000162649a07a0 JavaThread "Paper Async Task Handler Thread - 0"        [_thread_blocked, id=33664, stack(0x0000004d66400000,0x0000004d66500000) (1024K)]
  0x00000162649a0f70 JavaThread "spark-java-sampler-2-thread-1"        [_thread_blocked, id=25300, stack(0x0000004d66500000,0x0000004d66600000) (1024K)]
  0x00000162649a4df0 JavaThread "spark-java-sampler-2-thread-2"        [_thread_blocked, id=33720, stack(0x0000004d66600000,0x0000004d66700000) (1024K)]
  0x00000162649a4620 JavaThread "spark-java-sampler-2-thread-3"        [_thread_blocked, id=5936, stack(0x0000004d66700000,0x0000004d66800000) (1024K)]
  0x00000162649a6d30 JavaThread "spark-java-sampler-2-thread-4"        [_thread_blocked, id=34432, stack(0x0000004d66800000,0x0000004d66900000) (1024K)]
  0x00000162649a55c0 JavaThread "spark-java-sampler-2-thread-5"        [_thread_blocked, id=28724, stack(0x0000004d66900000,0x0000004d66a00000) (1024K)]
  0x00000162649a7cd0 JavaThread "spark-java-sampler-2-thread-6"        [_thread_blocked, id=29804, stack(0x0000004d66a00000,0x0000004d66b00000) (1024K)]
  0x00000162671abde0 JavaThread "BlueMap-FJP-0"              daemon [_thread_blocked, id=12620, stack(0x0000004d66b00000,0x0000004d66c00000) (1024K)]
  0x00000162671ac5b0 JavaThread "ExpiringMap-Expirer"        daemon [_thread_blocked, id=29852, stack(0x0000004d66c00000,0x0000004d66d00000) (1024K)]
  0x00000162671afc60 JavaThread "BlueMap-FJP-0"              daemon [_thread_blocked, id=16068, stack(0x0000004d62700000,0x0000004d62800000) (1024K)]
  0x00000162671b13d0 JavaThread "BlueMap-FJP-0"              daemon [_thread_blocked, id=31544, stack(0x0000004d66d00000,0x0000004d66e00000) (1024K)]
  0x00000162671add20 JavaThread "BlueMap-FJP-0"              daemon [_thread_blocked, id=1936, stack(0x0000004d66e00000,0x0000004d66f00000) (1024K)]
  0x00000162671b0430 JavaThread "BlueMap-FJP-0"              daemon [_thread_blocked, id=13108, stack(0x0000004d66f00000,0x0000004d67000000) (1024K)]
  0x00000162671b2370 JavaThread "BlueMap-FJP-0"              daemon [_thread_blocked, id=33588, stack(0x0000004d67000000,0x0000004d67100000) (1024K)]
  0x00000162671b3ae0 JavaThread "BlueMap-FJP-0"              daemon [_thread_blocked, id=9932, stack(0x0000004d67100000,0x0000004d67200000) (1024K)]
  0x00000162671b5250 JavaThread "Java2D Disposer"            daemon [_thread_blocked, id=33728, stack(0x0000004d67200000,0x0000004d67300000) (1024K)]
  0x000001624dd40830 JavaThread "BlueMap-Scheduler-0"        daemon [_thread_blocked, id=8712, stack(0x0000004d67500000,0x0000004d67600000) (1024K)]
  0x000001624dd446b0 JavaThread "BlueMap-Webserver"                 [_thread_in_native, id=33028, stack(0x0000004d67600000,0x0000004d67700000) (1024K)]
  0x000001624dd45650 JavaThread "BlueMap-Plugin-Timer"       daemon [_thread_blocked, id=3616, stack(0x0000004d67700000,0x0000004d67800000) (1024K)]
  0x000001624dd465f0 JavaThread "FileSystemWatchService"     daemon [_thread_in_native, id=27112, stack(0x0000004d67800000,0x0000004d67900000) (1024K)]
  0x000001624dd44e80 JavaThread "BlueMap-MapUpdateService-0"        [_thread_blocked, id=33348, stack(0x0000004d67900000,0x0000004d67a00000) (1024K)]
  0x000001624dd47590 JavaThread "FileSystemWatchService"     daemon [_thread_in_native, id=18456, stack(0x0000004d67a00000,0x0000004d67b00000) (1024K)]
  0x000001624dd494d0 JavaThread "BlueMap-MapUpdateService-1"        [_thread_blocked, id=34616, stack(0x0000004d67b00000,0x0000004d67c00000) (1024K)]
  0x000001624dd45e20 JavaThread "FileSystemWatchService"     daemon [_thread_in_native, id=17516, stack(0x0000004d67c00000,0x0000004d67d00000) (1024K)]
  0x000001624dd4bbe0 JavaThread "BlueMap-MapUpdateService-2"        [_thread_blocked, id=3436, stack(0x0000004d67d00000,0x0000004d67e00000) (1024K)]
  0x000001624dd4d350 JavaThread "BlueMap-MapUpdateService-Timer" daemon [_thread_blocked, id=31108, stack(0x0000004d67e00000,0x0000004d67f00000) (1024K)]
  0x000001624dd4cb80 JavaThread "BlueMap-WebbAppImpl-Timer"  daemon [_thread_blocked, id=3868, stack(0x0000004d67f00000,0x0000004d68000000) (1024K)]
  0x000001624dd49ca0 JavaThread "BlueMap-ProgressTracker-Timer-0" daemon [_thread_blocked, id=33212, stack(0x0000004d68000000,0x0000004d68100000) (1024K)]
  0x000001624dd4e2f0 JavaThread "BlueMap-RenderThread-0-0"          [_thread_in_native, id=14832, stack(0x0000004d68100000,0x0000004d68200000) (1024K)]
  0x000001624dd4b410 JavaThread "Geyser Scheduled Thread-2-1"        [_thread_blocked, id=26788, stack(0x0000004d65d00000,0x0000004d65e00000) (1024K)]
  0x000001624dd4fa60 JavaThread "Thread-17"                         [_thread_blocked, id=28500, stack(0x0000004d67400000,0x0000004d67500000) (1024K)]
  0x000001624dd50230 JavaThread "VirtualThread-unblocker"    daemon [_thread_blocked, id=13972, stack(0x0000004d67300000,0x0000004d67400000) (1024K)]
  0x000001624dd53110 JavaThread "Read-Poller"                daemon [_thread_in_native, id=2776, stack(0x0000004d68300000,0x0000004d68400000) (1024K)]
  0x000001624dd50a00 JavaThread "Read-Poller"                daemon [_thread_in_native, id=9396, stack(0x0000004d68400000,0x0000004d68500000) (1024K)]
  0x000001624dd538e0 JavaThread "Write-Poller"               daemon [_thread_in_native, id=34024, stack(0x0000004d68500000,0x0000004d68600000) (1024K)]
  0x000001624dd54880 JavaThread "ForkJoinPool-4-delayScheduler" daemon [_thread_blocked, id=27432, stack(0x0000004d68600000,0x0000004d68700000) (1024K)]
  0x000001624dd540b0 JavaThread "pool-23-thread-1"                  [_thread_blocked, id=32936, stack(0x0000004d68700000,0x0000004d68800000) (1024K)]
  0x000001624dd55820 JavaThread "GeyserServer-3-1"           daemon [_thread_in_native, id=30664, stack(0x0000004d62600000,0x0000004d62700000) (1024K)]
  0x000001624dd55050 JavaThread "WebSocketConnectReadThread-191"        [_thread_in_native, id=33244, stack(0x0000004d68800000,0x0000004d68900000) (1024K)]
  0x000001624dd5b5e0 JavaThread "bStats-Metrics"             daemon [_thread_blocked, id=16000, stack(0x0000004d68900000,0x0000004d68a00000) (1024K)]
  0x000001624dd5cd50 JavaThread "Geyser Spigot connection thread-6-1"        [_thread_blocked, id=29716, stack(0x0000004d68a00000,0x0000004d68b00000) (1024K)]
  0x000001624dd5ae10 JavaThread "WebSocketWriteThread-195"          [_thread_blocked, id=13912, stack(0x0000004d68b00000,0x0000004d68c00000) (1024K)]
  0x000001624dd596a0 JavaThread "Jndi-Dns-address-change-listener" daemon [_thread_in_native, id=15540, stack(0x0000004d68c00000,0x0000004d68d00000) (1024K)]
  0x000001624dd5a640 JavaThread "localSession-7-1"           daemon [_thread_blocked, id=33324, stack(0x0000004d68d00000,0x0000004d68e00000) (1024K)]
  0x000001624dd5e4c0 JavaThread "Geyser Spigot connection thread-6-2"        [_thread_blocked, id=32804, stack(0x0000004d68e00000,0x0000004d68f00000) (1024K)]
  0x000001626499a9e0 JavaThread "Craft Async Scheduler Management Thread"        [_thread_blocked, id=27172, stack(0x0000004d68f00000,0x0000004d69000000) (1024K)]
  0x00000162671b8130 JavaThread "Paper Async Task Handler Thread - 1"        [_thread_blocked, id=33084, stack(0x0000004d69000000,0x0000004d69100000) (1024K)]
  0x000001625638a4b0 JavaThread "connectionLostChecker-1"           [_thread_blocked, id=30116, stack(0x0000004d60000000,0x0000004d60100000) (1024K)]
  0x00000162502def80 JavaThread "BlueMap-InstancePool-RecycleTimer" daemon [_thread_blocked, id=31196, stack(0x0000004d5fe00000,0x0000004d5ff00000) (1024K)]
  0x00000162502dc870 JavaThread "ForkJoinPool-4-worker-38"   daemon [_thread_blocked, id=34240, stack(0x0000004d5e600000,0x0000004d5e700000) (1024K)]
  0x00000162502da160 JavaThread "ForkJoinPool-4-worker-39"   daemon [_thread_blocked, id=27532, stack(0x0000004d5e700000,0x0000004d5e800000) (1024K)]
  0x00000162502ddfe0 JavaThread "ForkJoinPool-4-worker-40"   daemon [_thread_blocked, id=5056, stack(0x0000004d5e800000,0x0000004d5e900000) (1024K)]
  0x00000162502db100 JavaThread "ForkJoinPool-4-worker-41"   daemon [_thread_blocked, id=9792, stack(0x0000004d5fb00000,0x0000004d5fc00000) (1024K)]
  0x00000162502dff20 JavaThread "ForkJoinPool-4-worker-42"   daemon [_thread_blocked, id=33872, stack(0x0000004d5fc00000,0x0000004d5fd00000) (1024K)]
  0x0000016256422a60 JavaThread "Netty NIO IO #1"            daemon [_thread_in_native, id=35216, stack(0x0000004d60100000,0x0000004d60200000) (1024K)]
  0x00000162589c0800 JavaThread "Paper Async Command Builder Thread Pool - 0"        [_thread_blocked, id=35608, stack(0x0000004d61f00000,0x0000004d62000000) (1024K)]
  0x0000016259a71040 JavaThread "Folia Async Scheduler Thread #2"        [_thread_blocked, id=34840, stack(0x0000004d61b00000,0x0000004d61c00000) (1024K)]
  0x000001626484da70 JavaThread "ForkJoinPool-4-worker-44"   daemon [_thread_blocked, id=35024, stack(0x0000004d61d00000,0x0000004d61e00000) (1024K)]
  0x000001626484e240 JavaThread "ForkJoinPool-4-worker-43"   daemon [_thread_blocked, id=35020, stack(0x0000004d61e00000,0x0000004d61f00000) (1024K)]
  0x000001626484cad0 JavaThread "ForkJoinPool-4-worker-45"   daemon [_thread_blocked, id=34964, stack(0x0000004d62000000,0x0000004d62100000) (1024K)]
  0x0000016264865170 JavaThread "Paper Async Command Builder Thread Pool - 1"        [_thread_blocked, id=26132, stack(0x0000004d61800000,0x0000004d61900000) (1024K)]
  0x000001625638b450 JavaThread "Async Tab Complete Thread - #0" daemon [_thread_blocked, id=26876, stack(0x0000004d60500000,0x0000004d60600000) (1024K)]
  0x000001624f522890 JavaThread "Async Tab Complete Thread - #1" daemon [_thread_blocked, id=28880, stack(0x0000004d61900000,0x0000004d61a00000) (1024K)]
  0x0000016250021b00 JavaThread "Async Tab Complete Thread - #2" daemon [_thread_blocked, id=27876, stack(0x0000004d61a00000,0x0000004d61b00000) (1024K)]
  0x0000016250026920 JavaThread "Async Tab Complete Thread - #3" daemon [_thread_blocked, id=22164, stack(0x0000004d61700000,0x0000004d61800000) (1024K)]
  0x00000162583d38e0 JavaThread "BlueMap-FJP-0"              daemon [_thread_blocked, id=32796, stack(0x0000004d5ff00000,0x0000004d60000000) (1024K)]
  0x00000162583e32e0 JavaThread "ExpiringMap-Expirer"        daemon [_thread_blocked, id=29032, stack(0x0000004d5fd00000,0x0000004d5fe00000) (1024K)]
  0x00000162583e88d0 JavaThread "GeyserServerChild-4-1"      daemon [_thread_in_native, id=15900, stack(0x0000004d61500000,0x0000004d61600000) (1024K)]
  0x00000162583ea040 JavaThread "Geyser player thread-5-1"          [_thread_blocked, id=29892, stack(0x0000004d61c00000,0x0000004d61d00000) (1024K)]
  0x00000162583ea810 JavaThread "localSession-7-2"           daemon [_thread_blocked, id=12508, stack(0x0000004d62200000,0x0000004d62300000) (1024K)]
  0x00000162583eb7b0 JavaThread "Geyser Spigot connection thread-6-3"        [_thread_blocked, id=22052, stack(0x0000004d62300000,0x0000004d62400000) (1024K)]
  0x00000162647600d0 JavaThread "Folia Async Scheduler Thread #3"        [_thread_blocked, id=29724, stack(0x0000004d64300000,0x0000004d64400000) (1024K)]
  0x000001626475d9c0 JavaThread "pool-27-thread-1"                  [_thread_blocked, id=35588, stack(0x0000004d64400000,0x0000004d64500000) (1024K)]
  0x0000016264762010 JavaThread "BlueMap-FJP-0"              daemon [_thread_blocked, id=26448, stack(0x0000004d61600000,0x0000004d61700000) (1024K)]
  0x0000016264761070 JavaThread "BlueMap-FJP-0"              daemon [_thread_blocked, id=34992, stack(0x0000004d62d00000,0x0000004d62e00000) (1024K)]
  0x0000016264767600 JavaThread "BlueMap-FJP-0"              daemon [_thread_blocked, id=13228, stack(0x0000004d63500000,0x0000004d63600000) (1024K)]
  0x0000016264757c00 JavaThread "BlueMap-FJP-0"              daemon [_thread_blocked, id=35060, stack(0x0000004d62100000,0x0000004d62200000) (1024K)]
  0x0000016264769540 JavaThread "BlueMap-FJP-0"              daemon [_thread_blocked, id=30744, stack(0x0000004d62800000,0x0000004d62900000) (1024K)]
  0x0000016264765e90 JavaThread "BlueMap-FJP-0"              daemon [_thread_blocked, id=33156, stack(0x0000004d62e00000,0x0000004d62f00000) (1024K)]
  0x000001626484c300 JavaThread "Netty NIO IO #2"            daemon [_thread_in_native, id=29972, stack(0x0000004d62400000,0x0000004d62500000) (1024K)]
  0x0000016264853060 JavaThread "Folia Async Scheduler Thread #4"        [_thread_blocked, id=34948, stack(0x0000004d63600000,0x0000004d63700000) (1024K)]
  0x0000016264856ee0 JavaThread "BlueMap-FJP-0"              daemon [_thread_blocked, id=31800, stack(0x0000004d64600000,0x0000004d64700000) (1024K)]
  0x000001626485ad60 JavaThread "BlueMap-FJP-0"              daemon [_thread_blocked, id=21036, stack(0x0000004d65700000,0x0000004d65800000) (1024K)]
  0x0000016264849bf0 JavaThread "Netty NIO IO #3"            daemon [_thread_in_native, id=34724, stack(0x0000004d62500000,0x0000004d62600000) (1024K)]
  0x0000016264854fa0 JavaThread "Folia Async Scheduler Thread #5"        [_thread_blocked, id=3444, stack(0x0000004d64500000,0x0000004d64600000) (1024K)]
Total: 145

Other Threads:
  0x0000016243eb73b0 VMThread "VM Thread"                           [id=28676, stack(0x0000004d5f000000,0x0000004d5f100000) (1024K)]
  0x0000016246d417c0 WatcherThread "VM Periodic Task Thread"        [id=9128, stack(0x0000004d5ef00000,0x0000004d5f000000) (1024K)]
  0x000001621f1f2320 WorkerThread "GC Thread#0"                     [id=30596, stack(0x0000004d5ea00000,0x0000004d5eb00000) (1024K)]
  0x000001624cd3ddf0 WorkerThread "GC Thread#1"                     [id=27168, stack(0x0000004d60700000,0x0000004d60800000) (1024K)]
  0x00000162472acc30 WorkerThread "GC Thread#2"                     [id=32524, stack(0x0000004d60800000,0x0000004d60900000) (1024K)]
  0x00000162472ad080 WorkerThread "GC Thread#3"                     [id=25664, stack(0x0000004d60900000,0x0000004d60a00000) (1024K)]
  0x00000162472ad920 WorkerThread "GC Thread#4"                     [id=30352, stack(0x0000004d60a00000,0x0000004d60b00000) (1024K)]
  0x00000162472add70 WorkerThread "GC Thread#5"                     [id=15020, stack(0x0000004d60b00000,0x0000004d60c00000) (1024K)]
  0x000001624da8cbe0 WorkerThread "GC Thread#6"                     [id=25788, stack(0x0000004d60c00000,0x0000004d60d00000) (1024K)]
  0x000001624da89820 WorkerThread "GC Thread#7"                     [id=27156, stack(0x0000004d60d00000,0x0000004d60e00000) (1024K)]
  0x000001624da8c790 WorkerThread "GC Thread#8"                     [id=25016, stack(0x0000004d60e00000,0x0000004d60f00000) (1024K)]
  0x000001624da8a0c0 WorkerThread "GC Thread#9"                     [id=26076, stack(0x0000004d60f00000,0x0000004d61000000) (1024K)]
  0x000001624da893d0 WorkerThread "GC Thread#10"                    [id=33916, stack(0x0000004d61000000,0x0000004d61100000) (1024K)]
  0x000001624da8d8d0 WorkerThread "GC Thread#11"                    [id=6364, stack(0x0000004d61100000,0x0000004d61200000) (1024K)]
  0x000001624da8bef0 WorkerThread "GC Thread#12"                    [id=276, stack(0x0000004d61200000,0x0000004d61300000) (1024K)]
  0x000001621f2023f0 ConcurrentGCThread "G1 Main Marker"            [id=26572, stack(0x0000004d5eb00000,0x0000004d5ec00000) (1024K)]
  0x000001621f203de0 WorkerThread "G1 Conc#0"                       [id=19084, stack(0x0000004d5ec00000,0x0000004d5ed00000) (1024K)]
  0x000001624da8a510 WorkerThread "G1 Conc#1"                       [id=6876, stack(0x0000004d61300000,0x0000004d61400000) (1024K)]
  0x000001624da8adb0 WorkerThread "G1 Conc#2"                       [id=28712, stack(0x0000004d61400000,0x0000004d61500000) (1024K)]
  0x0000016243df8640 ConcurrentGCThread "G1 Refine#0"               [id=30932, stack(0x0000004d5ed00000,0x0000004d5ee00000) (1024K)]
  0x0000016243df9100 ConcurrentGCThread "G1 Service"                [id=26000, stack(0x0000004d5ee00000,0x0000004d5ef00000) (1024K)]
Total: 21

Threads with active compile tasks:
C2 CompilerThread0  2721560 54980 %     4       net.minecraft.world.level.levelgen.structure.pools.JigsawPlacement$Placer::tryPlacingChildren @ 634 (1216 bytes)
Total: 1

VM state: not at safepoint (normal execution)

VM Mutex/Monitor currently owned by a thread: None

Heap address: 0x0000000580000000, size: 10240 MB, Compressed Oops mode: Zero based, Oop shift amount: 3

CDS archive(s) mapped at: [0x000000000d000000-0x000000000ddb0000-0x000000000ddb0000), size 14352384, SharedBaseAddress: 0x000000000d000000, ArchiveRelocationMode: 1.
Compressed class space mapped at: 0x000000000e000000-0x000000004e000000, reserved size: 1073741824
UseCompressedClassPointers 1, UseCompactObjectHeaders 0
Narrow klass pointer bits 32, Max shift 3
Narrow klass base: 0x000000000d000000, Narrow klass shift: 0
Encoding Range: [0x000000000d000000 - 0x000000010d000000), (4294967296 bytes)
Klass Range:    [0x000000000d010000 - 0x000000004e000000), (1090453504 bytes)
Klass ID Range:  [65536 - 1090519033) (1090453497)
Protection zone: [0x000000000d000000 - 0x000000000d010000), (65536 bytes)

GC Precious Log:
 CardTable entry size: 512
 Card Set container configuration: InlinePtr #cards 4 size 8 Array Of Cards #cards 64 size 144 Howl #buckets 8 coarsen threshold 14745 Howl Bitmap #cards 2048 size 272 coarsen threshold 1843 Card regions per heap region 1 cards per card region 16384
 CPUs: 16 total, 16 available
 Memory: 31863M
 Large Page Support: Disabled
 NUMA Support: Disabled
 Compressed Oops: Enabled (Zero based)
 Heap Region Size: 8M
 Heap Min Capacity: 8G
 Heap Initial Capacity: 8G
 Heap Max Capacity: 10G
 Pre-touch: Disabled
 Parallel Workers: 13
 Concurrent Workers: 3
 Concurrent Refinement Workers: 13
 Periodic GC: Disabled

Heap:
 garbage-first heap   total reserved 10485760K, committed 8388608K, used 6667819K [0x0000000580000000, 0x0000000800000000)
  region size 8192K, 537 young (4399104K), 40 survivors (327680K)

Heap Regions: E=young(eden), S=young(survivor), O=old, HS=humongous(starts), HC=humongous(continues), CS=collection set, F=free, TAMS=top-at-mark-start, PB=parsable bottom
|   0|0x0000000580000000, 0x0000000580800000, 0x0000000580800000|100%| O|  |TAMS 0x0000000580000000| PB 0x0000000580000000| Untracked |  0
|   1|0x0000000580800000, 0x0000000581000000, 0x0000000581000000|100%|HS|  |TAMS 0x0000000580800000| PB 0x0000000580800000| Untracked |  0
|   2|0x0000000581000000, 0x0000000581800000, 0x0000000581800000|100%|HC|  |TAMS 0x0000000581000000| PB 0x0000000581000000| Untracked |  0
|   3|0x0000000581800000, 0x0000000582000000, 0x0000000582000000|100%|HC|  |TAMS 0x0000000581800000| PB 0x0000000581800000| Untracked |  0
|   4|0x0000000582000000, 0x0000000582800000, 0x0000000582800000|100%| O|  |TAMS 0x0000000582000000| PB 0x0000000582000000| Untracked |  0
|   5|0x0000000582800000, 0x0000000583000000, 0x0000000583000000|100%| O|  |TAMS 0x0000000582800000| PB 0x0000000582800000| Untracked |  0
|   6|0x0000000583000000, 0x0000000583800000, 0x0000000583800000|100%| O|  |TAMS 0x0000000583000000| PB 0x0000000583000000| Untracked |  0
|   7|0x0000000583800000, 0x0000000584000000, 0x0000000584000000|100%| O|  |TAMS 0x0000000583800000| PB 0x0000000583800000| Untracked |  0
|   8|0x0000000584000000, 0x0000000584800000, 0x0000000584800000|100%| O|  |TAMS 0x0000000584000000| PB 0x0000000584000000| Untracked |  0
|   9|0x0000000584800000, 0x0000000585000000, 0x0000000585000000|100%| O|  |TAMS 0x0000000584800000| PB 0x0000000584800000| Untracked |  0
|  10|0x0000000585000000, 0x0000000585800000, 0x0000000585800000|100%| O|  |TAMS 0x0000000585000000| PB 0x0000000585000000| Untracked |  0
|  11|0x0000000585800000, 0x0000000586000000, 0x0000000586000000|100%| O|  |TAMS 0x0000000585800000| PB 0x0000000585800000| Untracked |  0
|  12|0x0000000586000000, 0x0000000586800000, 0x0000000586800000|100%| O|  |TAMS 0x0000000586000000| PB 0x0000000586000000| Untracked |  0
|  13|0x0000000586800000, 0x0000000587000000, 0x0000000587000000|100%| O|  |TAMS 0x0000000586800000| PB 0x0000000586800000| Untracked |  0
|  14|0x0000000587000000, 0x0000000587800000, 0x0000000587800000|100%| O|  |TAMS 0x0000000587000000| PB 0x0000000587000000| Untracked |  0
|  15|0x0000000587800000, 0x0000000588000000, 0x0000000588000000|100%| O|  |TAMS 0x0000000587800000| PB 0x0000000587800000| Untracked |  0
|  16|0x0000000588000000, 0x0000000588800000, 0x0000000588800000|100%| O|  |TAMS 0x0000000588000000| PB 0x0000000588000000| Untracked |  0
|  17|0x0000000588800000, 0x0000000589000000, 0x0000000589000000|100%| O|  |TAMS 0x0000000588800000| PB 0x0000000588800000| Untracked |  0
|  18|0x0000000589000000, 0x0000000589800000, 0x0000000589800000|100%| O|  |TAMS 0x0000000589000000| PB 0x0000000589000000| Untracked |  0
|  19|0x0000000589800000, 0x000000058a000000, 0x000000058a000000|100%| O|  |TAMS 0x0000000589800000| PB 0x0000000589800000| Untracked |  0
|  20|0x000000058a000000, 0x000000058a800000, 0x000000058a800000|100%| O|  |TAMS 0x000000058a000000| PB 0x000000058a000000| Untracked |  0
|  21|0x000000058a800000, 0x000000058b000000, 0x000000058b000000|100%| O|  |TAMS 0x000000058a800000| PB 0x000000058a800000| Untracked |  0
|  22|0x000000058b000000, 0x000000058b800000, 0x000000058b800000|100%| O|  |TAMS 0x000000058b000000| PB 0x000000058b000000| Untracked |  0
|  23|0x000000058b800000, 0x000000058c000000, 0x000000058c000000|100%| O|  |TAMS 0x000000058b800000| PB 0x000000058b800000| Untracked |  0
|  24|0x000000058c000000, 0x000000058c800000, 0x000000058c800000|100%| O|  |TAMS 0x000000058c000000| PB 0x000000058c000000| Untracked |  0
|  25|0x000000058c800000, 0x000000058d000000, 0x000000058d000000|100%| O|  |TAMS 0x000000058c800000| PB 0x000000058c800000| Untracked |  0
|  26|0x000000058d000000, 0x000000058d800000, 0x000000058d800000|100%| O|  |TAMS 0x000000058d000000| PB 0x000000058d000000| Untracked |  0
|  27|0x000000058d800000, 0x000000058e000000, 0x000000058e000000|100%| O|  |TAMS 0x000000058d800000| PB 0x000000058d800000| Untracked |  0
|  28|0x000000058e000000, 0x000000058e800000, 0x000000058e800000|100%| O|  |TAMS 0x000000058e000000| PB 0x000000058e000000| Untracked |  0
|  29|0x000000058e800000, 0x000000058f000000, 0x000000058f000000|100%| O|  |TAMS 0x000000058e800000| PB 0x000000058e800000| Untracked |  0
|  30|0x000000058f000000, 0x000000058f800000, 0x000000058f800000|100%| O|  |TAMS 0x000000058f000000| PB 0x000000058f000000| Untracked |  0
|  31|0x000000058f800000, 0x0000000590000000, 0x0000000590000000|100%| O|  |TAMS 0x000000058f800000| PB 0x000000058f800000| Untracked |  0
|  32|0x0000000590000000, 0x0000000590800000, 0x0000000590800000|100%| O|  |TAMS 0x0000000590000000| PB 0x0000000590000000| Untracked |  0
|  33|0x0000000590800000, 0x0000000591000000, 0x0000000591000000|100%| O|  |TAMS 0x0000000590800000| PB 0x0000000590800000| Untracked |  0
|  34|0x0000000591000000, 0x0000000591800000, 0x0000000591800000|100%| O|  |TAMS 0x0000000591000000| PB 0x0000000591000000| Untracked |  0
|  35|0x0000000591800000, 0x0000000592000000, 0x0000000592000000|100%| O|  |TAMS 0x0000000591800000| PB 0x0000000591800000| Untracked |  0
|  36|0x0000000592000000, 0x0000000592800000, 0x0000000592800000|100%| O|  |TAMS 0x0000000592000000| PB 0x0000000592000000| Untracked |  0
|  37|0x0000000592800000, 0x0000000593000000, 0x0000000593000000|100%| O|  |TAMS 0x0000000592800000| PB 0x0000000592800000| Untracked |  0
|  38|0x0000000593000000, 0x0000000593800000, 0x0000000593800000|100%| O|  |TAMS 0x0000000593000000| PB 0x0000000593000000| Untracked |  0
|  39|0x0000000593800000, 0x0000000594000000, 0x0000000594000000|100%| O|  |TAMS 0x0000000593800000| PB 0x0000000593800000| Untracked |  0
|  40|0x0000000594000000, 0x0000000594800000, 0x0000000594800000|100%| O|  |TAMS 0x0000000594000000| PB 0x0000000594000000| Untracked |  0
|  41|0x0000000594800000, 0x0000000595000000, 0x0000000595000000|100%| O|  |TAMS 0x0000000594800000| PB 0x0000000594800000| Untracked |  0
|  42|0x0000000595000000, 0x0000000595800000, 0x0000000595800000|100%| O|  |TAMS 0x0000000595000000| PB 0x0000000595000000| Untracked |  0
|  43|0x0000000595800000, 0x0000000596000000, 0x0000000596000000|100%| O|  |TAMS 0x0000000595800000| PB 0x0000000595800000| Untracked |  0
|  44|0x0000000596000000, 0x0000000596800000, 0x0000000596800000|100%| O|  |TAMS 0x0000000596000000| PB 0x0000000596000000| Untracked |  0
|  45|0x0000000596800000, 0x0000000597000000, 0x0000000597000000|100%| O|  |TAMS 0x0000000596800000| PB 0x0000000596800000| Untracked |  0
|  46|0x0000000597000000, 0x0000000597800000, 0x0000000597800000|100%| O|  |TAMS 0x0000000597000000| PB 0x0000000597000000| Untracked |  0
|  47|0x0000000597800000, 0x0000000598000000, 0x0000000598000000|100%| O|  |TAMS 0x0000000597800000| PB 0x0000000597800000| Untracked |  0
|  48|0x0000000598000000, 0x0000000598800000, 0x0000000598800000|100%| O|  |TAMS 0x0000000598000000| PB 0x0000000598000000| Untracked |  0
|  49|0x0000000598800000, 0x0000000599000000, 0x0000000599000000|100%| O|  |TAMS 0x0000000598800000| PB 0x0000000598800000| Untracked |  0
|  50|0x0000000599000000, 0x0000000599800000, 0x0000000599800000|100%| O|  |TAMS 0x0000000599000000| PB 0x0000000599000000| Untracked |  0
|  51|0x0000000599800000, 0x000000059a000000, 0x000000059a000000|100%| O|  |TAMS 0x0000000599800000| PB 0x0000000599800000| Untracked |  0
|  52|0x000000059a000000, 0x000000059a800000, 0x000000059a800000|100%| O|  |TAMS 0x000000059a000000| PB 0x000000059a000000| Untracked |  0
|  53|0x000000059a800000, 0x000000059b000000, 0x000000059b000000|100%| O|  |TAMS 0x000000059a800000| PB 0x000000059a800000| Untracked |  0
|  54|0x000000059b000000, 0x000000059b800000, 0x000000059b800000|100%| O|  |TAMS 0x000000059b000000| PB 0x000000059b000000| Untracked |  0
|  55|0x000000059b800000, 0x000000059c000000, 0x000000059c000000|100%| O|  |TAMS 0x000000059b800000| PB 0x000000059b800000| Untracked |  0
|  56|0x000000059c000000, 0x000000059c800000, 0x000000059c800000|100%| O|  |TAMS 0x000000059c000000| PB 0x000000059c000000| Untracked |  0
|  57|0x000000059c800000, 0x000000059d000000, 0x000000059d000000|100%| O|  |TAMS 0x000000059c800000| PB 0x000000059c800000| Untracked |  0
|  58|0x000000059d000000, 0x000000059d800000, 0x000000059d800000|100%| O|  |TAMS 0x000000059d000000| PB 0x000000059d000000| Untracked |  0
|  59|0x000000059d800000, 0x000000059e000000, 0x000000059e000000|100%| O|  |TAMS 0x000000059d800000| PB 0x000000059d800000| Untracked |  0
|  60|0x000000059e000000, 0x000000059e800000, 0x000000059e800000|100%| O|  |TAMS 0x000000059e000000| PB 0x000000059e000000| Untracked |  0
|  61|0x000000059e800000, 0x000000059f000000, 0x000000059f000000|100%| O|  |TAMS 0x000000059e800000| PB 0x000000059e800000| Untracked |  0
|  62|0x000000059f000000, 0x000000059f800000, 0x000000059f800000|100%| O|  |TAMS 0x000000059f000000| PB 0x000000059f000000| Untracked |  0
|  63|0x000000059f800000, 0x00000005a0000000, 0x00000005a0000000|100%| O|  |TAMS 0x000000059f800000| PB 0x000000059f800000| Untracked |  0
|  64|0x00000005a0000000, 0x00000005a0800000, 0x00000005a0800000|100%| O|  |TAMS 0x00000005a0000000| PB 0x00000005a0000000| Untracked |  0
|  65|0x00000005a0800000, 0x00000005a1000000, 0x00000005a1000000|100%| O|  |TAMS 0x00000005a0800000| PB 0x00000005a0800000| Untracked |  0
|  66|0x00000005a1000000, 0x00000005a1800000, 0x00000005a1800000|100%| O|  |TAMS 0x00000005a1000000| PB 0x00000005a1000000| Untracked |  0
|  67|0x00000005a1800000, 0x00000005a2000000, 0x00000005a2000000|100%| O|  |TAMS 0x00000005a1800000| PB 0x00000005a1800000| Untracked |  0
|  68|0x00000005a2000000, 0x00000005a2800000, 0x00000005a2800000|100%| O|  |TAMS 0x00000005a2000000| PB 0x00000005a2000000| Untracked |  0
|  69|0x00000005a2800000, 0x00000005a3000000, 0x00000005a3000000|100%| O|  |TAMS 0x00000005a2800000| PB 0x00000005a2800000| Untracked |  0
|  70|0x00000005a3000000, 0x00000005a3800000, 0x00000005a3800000|100%| O|  |TAMS 0x00000005a3000000| PB 0x00000005a3000000| Untracked |  0
|  71|0x00000005a3800000, 0x00000005a4000000, 0x00000005a4000000|100%| O|  |TAMS 0x00000005a3800000| PB 0x00000005a3800000| Untracked |  0
|  72|0x00000005a4000000, 0x00000005a4800000, 0x00000005a4800000|100%| O|  |TAMS 0x00000005a4000000| PB 0x00000005a4000000| Untracked |  0
|  73|0x00000005a4800000, 0x00000005a5000000, 0x00000005a5000000|100%| O|  |TAMS 0x00000005a4800000| PB 0x00000005a4800000| Untracked |  0
|  74|0x00000005a5000000, 0x00000005a5800000, 0x00000005a5800000|100%| O|  |TAMS 0x00000005a5000000| PB 0x00000005a5000000| Untracked |  0
|  75|0x00000005a5800000, 0x00000005a6000000, 0x00000005a6000000|100%| O|  |TAMS 0x00000005a5800000| PB 0x00000005a5800000| Untracked |  0
|  76|0x00000005a6000000, 0x00000005a6800000, 0x00000005a6800000|100%| O|  |TAMS 0x00000005a6000000| PB 0x00000005a6000000| Untracked |  0
|  77|0x00000005a6800000, 0x00000005a7000000, 0x00000005a7000000|100%| O|  |TAMS 0x00000005a6800000| PB 0x00000005a6800000| Untracked |  0
|  78|0x00000005a7000000, 0x00000005a7800000, 0x00000005a7800000|100%| O|  |TAMS 0x00000005a7000000| PB 0x00000005a7000000| Untracked |  0
|  79|0x00000005a7800000, 0x00000005a8000000, 0x00000005a8000000|100%| O|  |TAMS 0x00000005a7800000| PB 0x00000005a7800000| Untracked |  0
|  80|0x00000005a8000000, 0x00000005a8800000, 0x00000005a8800000|100%| O|  |TAMS 0x00000005a8000000| PB 0x00000005a8000000| Untracked |  0
|  81|0x00000005a8800000, 0x00000005a9000000, 0x00000005a9000000|100%| O|  |TAMS 0x00000005a8800000| PB 0x00000005a8800000| Untracked |  0
|  82|0x00000005a9000000, 0x00000005a9800000, 0x00000005a9800000|100%| O|  |TAMS 0x00000005a9000000| PB 0x00000005a9000000| Untracked |  0
|  83|0x00000005a9800000, 0x00000005aa000000, 0x00000005aa000000|100%| O|  |TAMS 0x00000005a9800000| PB 0x00000005a9800000| Untracked |  0
|  84|0x00000005aa000000, 0x00000005aa800000, 0x00000005aa800000|100%| O|  |TAMS 0x00000005aa000000| PB 0x00000005aa000000| Untracked |  0
|  85|0x00000005aa800000, 0x00000005ab000000, 0x00000005ab000000|100%| O|  |TAMS 0x00000005aa800000| PB 0x00000005aa800000| Untracked |  0
|  86|0x00000005ab000000, 0x00000005ab800000, 0x00000005ab800000|100%| O|  |TAMS 0x00000005ab000000| PB 0x00000005ab000000| Untracked |  0
|  87|0x00000005ab800000, 0x00000005ac000000, 0x00000005ac000000|100%| O|  |TAMS 0x00000005ab800000| PB 0x00000005ab800000| Untracked |  0
|  88|0x00000005ac000000, 0x00000005ac800000, 0x00000005ac800000|100%| O|  |TAMS 0x00000005ac000000| PB 0x00000005ac000000| Untracked |  0
|  89|0x00000005ac800000, 0x00000005ad000000, 0x00000005ad000000|100%| O|  |TAMS 0x00000005ac800000| PB 0x00000005ac800000| Untracked |  0
|  90|0x00000005ad000000, 0x00000005ad800000, 0x00000005ad800000|100%| O|  |TAMS 0x00000005ad000000| PB 0x00000005ad000000| Untracked |  0
|  91|0x00000005ad800000, 0x00000005ae000000, 0x00000005ae000000|100%| O|  |TAMS 0x00000005ad800000| PB 0x00000005ad800000| Untracked |  0
|  92|0x00000005ae000000, 0x00000005ae800000, 0x00000005ae800000|100%| O|  |TAMS 0x00000005ae000000| PB 0x00000005ae000000| Untracked |  0
|  93|0x00000005ae800000, 0x00000005af000000, 0x00000005af000000|100%| O|  |TAMS 0x00000005ae800000| PB 0x00000005ae800000| Untracked |  0
|  94|0x00000005af000000, 0x00000005af800000, 0x00000005af800000|100%| O|  |TAMS 0x00000005af000000| PB 0x00000005af000000| Untracked |  0
|  95|0x00000005af800000, 0x00000005b0000000, 0x00000005b0000000|100%| O|  |TAMS 0x00000005af800000| PB 0x00000005af800000| Untracked |  0
|  96|0x00000005b0000000, 0x00000005b0800000, 0x00000005b0800000|100%| O|  |TAMS 0x00000005b0000000| PB 0x00000005b0000000| Untracked |  0
|  97|0x00000005b0800000, 0x00000005b1000000, 0x00000005b1000000|100%| O|  |TAMS 0x00000005b0800000| PB 0x00000005b0800000| Untracked |  0
|  98|0x00000005b1000000, 0x00000005b1800000, 0x00000005b1800000|100%| O|  |TAMS 0x00000005b1000000| PB 0x00000005b1000000| Untracked |  0
|  99|0x00000005b1800000, 0x00000005b2000000, 0x00000005b2000000|100%| O|  |TAMS 0x00000005b1800000| PB 0x00000005b1800000| Untracked |  0
| 100|0x00000005b2000000, 0x00000005b2800000, 0x00000005b2800000|100%| O|  |TAMS 0x00000005b2000000| PB 0x00000005b2000000| Untracked |  0
| 101|0x00000005b2800000, 0x00000005b3000000, 0x00000005b3000000|100%| O|  |TAMS 0x00000005b2800000| PB 0x00000005b2800000| Untracked |  0
| 102|0x00000005b3000000, 0x00000005b3800000, 0x00000005b3800000|100%| O|  |TAMS 0x00000005b3000000| PB 0x00000005b3000000| Untracked |  0
| 103|0x00000005b3800000, 0x00000005b4000000, 0x00000005b4000000|100%| O|  |TAMS 0x00000005b3800000| PB 0x00000005b3800000| Untracked |  0
| 104|0x00000005b4000000, 0x00000005b4800000, 0x00000005b4800000|100%| O|  |TAMS 0x00000005b4000000| PB 0x00000005b4000000| Untracked |  0
| 105|0x00000005b4800000, 0x00000005b5000000, 0x00000005b5000000|100%| O|  |TAMS 0x00000005b4800000| PB 0x00000005b4800000| Untracked |  0
| 106|0x00000005b5000000, 0x00000005b5800000, 0x00000005b5800000|100%| O|  |TAMS 0x00000005b5000000| PB 0x00000005b5000000| Untracked |  0
| 107|0x00000005b5800000, 0x00000005b6000000, 0x00000005b6000000|100%| O|  |TAMS 0x00000005b5800000| PB 0x00000005b5800000| Untracked |  0
| 108|0x00000005b6000000, 0x00000005b6800000, 0x00000005b6800000|100%| O|  |TAMS 0x00000005b6000000| PB 0x00000005b6000000| Untracked |  0
| 109|0x00000005b6800000, 0x00000005b7000000, 0x00000005b7000000|100%| O|  |TAMS 0x00000005b6800000| PB 0x00000005b6800000| Untracked |  0
| 110|0x00000005b7000000, 0x00000005b7800000, 0x00000005b7800000|100%| O|  |TAMS 0x00000005b7000000| PB 0x00000005b7000000| Untracked |  0
| 111|0x00000005b7800000, 0x00000005b8000000, 0x00000005b8000000|100%| O|  |TAMS 0x00000005b7800000| PB 0x00000005b7800000| Untracked |  0
| 112|0x00000005b8000000, 0x00000005b8800000, 0x00000005b8800000|100%| O|  |TAMS 0x00000005b8000000| PB 0x00000005b8000000| Untracked |  0
| 113|0x00000005b8800000, 0x00000005b9000000, 0x00000005b9000000|100%| O|  |TAMS 0x00000005b8800000| PB 0x00000005b8800000| Untracked |  0
| 114|0x00000005b9000000, 0x00000005b9800000, 0x00000005b9800000|100%| O|  |TAMS 0x00000005b9000000| PB 0x00000005b9000000| Untracked |  0
| 115|0x00000005b9800000, 0x00000005ba000000, 0x00000005ba000000|100%| O|  |TAMS 0x00000005b9800000| PB 0x00000005b9800000| Untracked |  0
| 116|0x00000005ba000000, 0x00000005ba800000, 0x00000005ba800000|100%| O|  |TAMS 0x00000005ba000000| PB 0x00000005ba000000| Untracked |  0
| 117|0x00000005ba800000, 0x00000005bb000000, 0x00000005bb000000|100%| O|  |TAMS 0x00000005ba800000| PB 0x00000005ba800000| Untracked |  0
| 118|0x00000005bb000000, 0x00000005bb800000, 0x00000005bb800000|100%| O|  |TAMS 0x00000005bb000000| PB 0x00000005bb000000| Untracked |  0
| 119|0x00000005bb800000, 0x00000005bc000000, 0x00000005bc000000|100%| O|  |TAMS 0x00000005bb800000| PB 0x00000005bb800000| Untracked |  0
| 120|0x00000005bc000000, 0x00000005bc800000, 0x00000005bc800000|100%| O|  |TAMS 0x00000005bc000000| PB 0x00000005bc000000| Untracked |  0
| 121|0x00000005bc800000, 0x00000005bd000000, 0x00000005bd000000|100%| O|  |TAMS 0x00000005bc800000| PB 0x00000005bc800000| Untracked |  0
| 122|0x00000005bd000000, 0x00000005bd800000, 0x00000005bd800000|100%| O|  |TAMS 0x00000005bd000000| PB 0x00000005bd000000| Untracked |  0
| 123|0x00000005bd800000, 0x00000005be000000, 0x00000005be000000|100%| O|  |TAMS 0x00000005bd800000| PB 0x00000005bd800000| Untracked |  0
| 124|0x00000005be000000, 0x00000005be800000, 0x00000005be800000|100%| O|  |TAMS 0x00000005be000000| PB 0x00000005be000000| Untracked |  0
| 125|0x00000005be800000, 0x00000005bf000000, 0x00000005bf000000|100%| O|  |TAMS 0x00000005be800000| PB 0x00000005be800000| Untracked |  0
| 126|0x00000005bf000000, 0x00000005bf800000, 0x00000005bf800000|100%| O|  |TAMS 0x00000005bf000000| PB 0x00000005bf000000| Untracked |  0
| 127|0x00000005bf800000, 0x00000005c0000000, 0x00000005c0000000|100%| O|  |TAMS 0x00000005bf800000| PB 0x00000005bf800000| Untracked |  0
| 128|0x00000005c0000000, 0x00000005c0800000, 0x00000005c0800000|100%| O|  |TAMS 0x00000005c0000000| PB 0x00000005c0000000| Untracked |  0
| 129|0x00000005c0800000, 0x00000005c1000000, 0x00000005c1000000|100%| O|  |TAMS 0x00000005c0800000| PB 0x00000005c0800000| Untracked |  0
| 130|0x00000005c1000000, 0x00000005c1800000, 0x00000005c1800000|100%| O|  |TAMS 0x00000005c1000000| PB 0x00000005c1000000| Untracked |  0
| 131|0x00000005c1800000, 0x00000005c2000000, 0x00000005c2000000|100%| O|  |TAMS 0x00000005c1800000| PB 0x00000005c1800000| Untracked |  0
| 132|0x00000005c2000000, 0x00000005c2800000, 0x00000005c2800000|100%| O|  |TAMS 0x00000005c2000000| PB 0x00000005c2000000| Untracked |  0
| 133|0x00000005c2800000, 0x00000005c3000000, 0x00000005c3000000|100%| O|  |TAMS 0x00000005c2800000| PB 0x00000005c2800000| Untracked |  0
| 134|0x00000005c3000000, 0x00000005c3800000, 0x00000005c3800000|100%| O|  |TAMS 0x00000005c3000000| PB 0x00000005c3000000| Untracked |  0
| 135|0x00000005c3800000, 0x00000005c4000000, 0x00000005c4000000|100%| O|  |TAMS 0x00000005c3800000| PB 0x00000005c3800000| Untracked |  0
| 136|0x00000005c4000000, 0x00000005c4800000, 0x00000005c4800000|100%| O|  |TAMS 0x00000005c4000000| PB 0x00000005c4000000| Untracked |  0
| 137|0x00000005c4800000, 0x00000005c5000000, 0x00000005c5000000|100%| O|  |TAMS 0x00000005c4800000| PB 0x00000005c4800000| Untracked |  0
| 138|0x00000005c5000000, 0x00000005c5800000, 0x00000005c5800000|100%| O|  |TAMS 0x00000005c5000000| PB 0x00000005c5000000| Untracked |  0
| 139|0x00000005c5800000, 0x00000005c6000000, 0x00000005c6000000|100%| O|  |TAMS 0x00000005c5800000| PB 0x00000005c5800000| Untracked |  0
| 140|0x00000005c6000000, 0x00000005c6800000, 0x00000005c6800000|100%| O|  |TAMS 0x00000005c6000000| PB 0x00000005c6000000| Untracked |  0
| 141|0x00000005c6800000, 0x00000005c7000000, 0x00000005c7000000|100%| O|  |TAMS 0x00000005c6800000| PB 0x00000005c6800000| Untracked |  0
| 142|0x00000005c7000000, 0x00000005c7800000, 0x00000005c7800000|100%| O|  |TAMS 0x00000005c7000000| PB 0x00000005c7000000| Untracked |  0
| 143|0x00000005c7800000, 0x00000005c8000000, 0x00000005c8000000|100%| O|  |TAMS 0x00000005c7800000| PB 0x00000005c7800000| Untracked |  0
| 144|0x00000005c8000000, 0x00000005c8800000, 0x00000005c8800000|100%| O|  |TAMS 0x00000005c8000000| PB 0x00000005c8000000| Untracked |  0
| 145|0x00000005c8800000, 0x00000005c9000000, 0x00000005c9000000|100%| O|  |TAMS 0x00000005c8800000| PB 0x00000005c8800000| Untracked |  0
| 146|0x00000005c9000000, 0x00000005c9800000, 0x00000005c9800000|100%| O|  |TAMS 0x00000005c9000000| PB 0x00000005c9000000| Untracked |  0
| 147|0x00000005c9800000, 0x00000005ca000000, 0x00000005ca000000|100%| O|  |TAMS 0x00000005c9800000| PB 0x00000005c9800000| Untracked |  0
| 148|0x00000005ca000000, 0x00000005ca800000, 0x00000005ca800000|100%| O|  |TAMS 0x00000005ca000000| PB 0x00000005ca000000| Untracked |  0
| 149|0x00000005ca800000, 0x00000005cb000000, 0x00000005cb000000|100%| O|  |TAMS 0x00000005ca800000| PB 0x00000005ca800000| Untracked |  0
| 150|0x00000005cb000000, 0x00000005cb800000, 0x00000005cb800000|100%| O|  |TAMS 0x00000005cb000000| PB 0x00000005cb000000| Untracked |  0
| 151|0x00000005cb800000, 0x00000005cc000000, 0x00000005cc000000|100%| O|  |TAMS 0x00000005cb800000| PB 0x00000005cb800000| Untracked |  0
| 152|0x00000005cc000000, 0x00000005cc800000, 0x00000005cc800000|100%| O|  |TAMS 0x00000005cc000000| PB 0x00000005cc000000| Untracked |  0
| 153|0x00000005cc800000, 0x00000005cd000000, 0x00000005cd000000|100%| O|  |TAMS 0x00000005cc800000| PB 0x00000005cc800000| Untracked |  0
| 154|0x00000005cd000000, 0x00000005cd800000, 0x00000005cd800000|100%| O|  |TAMS 0x00000005cd000000| PB 0x00000005cd000000| Untracked |  0
| 155|0x00000005cd800000, 0x00000005ce000000, 0x00000005ce000000|100%| O|  |TAMS 0x00000005cd800000| PB 0x00000005cd800000| Untracked |  0
| 156|0x00000005ce000000, 0x00000005ce800000, 0x00000005ce800000|100%| O|  |TAMS 0x00000005ce000000| PB 0x00000005ce000000| Untracked |  0
| 157|0x00000005ce800000, 0x00000005cf000000, 0x00000005cf000000|100%| O|  |TAMS 0x00000005ce800000| PB 0x00000005ce800000| Untracked |  0
| 158|0x00000005cf000000, 0x00000005cf800000, 0x00000005cf800000|100%| O|  |TAMS 0x00000005cf000000| PB 0x00000005cf000000| Untracked |  0
| 159|0x00000005cf800000, 0x00000005d0000000, 0x00000005d0000000|100%| O|  |TAMS 0x00000005cf800000| PB 0x00000005cf800000| Untracked |  0
| 160|0x00000005d0000000, 0x00000005d0800000, 0x00000005d0800000|100%| O|  |TAMS 0x00000005d0000000| PB 0x00000005d0000000| Untracked |  0
| 161|0x00000005d0800000, 0x00000005d1000000, 0x00000005d1000000|100%| O|  |TAMS 0x00000005d0800000| PB 0x00000005d0800000| Untracked |  0
| 162|0x00000005d1000000, 0x00000005d1800000, 0x00000005d1800000|100%| O|  |TAMS 0x00000005d1000000| PB 0x00000005d1000000| Untracked |  0
| 163|0x00000005d1800000, 0x00000005d2000000, 0x00000005d2000000|100%| O|  |TAMS 0x00000005d1800000| PB 0x00000005d1800000| Untracked |  0
| 164|0x00000005d2000000, 0x00000005d2800000, 0x00000005d2800000|100%| O|  |TAMS 0x00000005d2000000| PB 0x00000005d2000000| Untracked |  0
| 165|0x00000005d2800000, 0x00000005d3000000, 0x00000005d3000000|100%| O|  |TAMS 0x00000005d2800000| PB 0x00000005d2800000| Untracked |  0
| 166|0x00000005d3000000, 0x00000005d3800000, 0x00000005d3800000|100%| O|  |TAMS 0x00000005d3000000| PB 0x00000005d3000000| Untracked |  0
| 167|0x00000005d3800000, 0x00000005d4000000, 0x00000005d4000000|100%| O|  |TAMS 0x00000005d3800000| PB 0x00000005d3800000| Untracked |  0
| 168|0x00000005d4000000, 0x00000005d4800000, 0x00000005d4800000|100%| O|  |TAMS 0x00000005d4000000| PB 0x00000005d4000000| Untracked |  0
| 169|0x00000005d4800000, 0x00000005d5000000, 0x00000005d5000000|100%| O|  |TAMS 0x00000005d4800000| PB 0x00000005d4800000| Untracked |  0
| 170|0x00000005d5000000, 0x00000005d5800000, 0x00000005d5800000|100%| O|  |TAMS 0x00000005d5000000| PB 0x00000005d5000000| Untracked |  0
| 171|0x00000005d5800000, 0x00000005d6000000, 0x00000005d6000000|100%| O|  |TAMS 0x00000005d5800000| PB 0x00000005d5800000| Untracked |  0
| 172|0x00000005d6000000, 0x00000005d6800000, 0x00000005d6800000|100%| O|  |TAMS 0x00000005d6000000| PB 0x00000005d6000000| Untracked |  0
| 173|0x00000005d6800000, 0x00000005d7000000, 0x00000005d7000000|100%| O|  |TAMS 0x00000005d6800000| PB 0x00000005d6800000| Untracked |  0
| 174|0x00000005d7000000, 0x00000005d7800000, 0x00000005d7800000|100%| O|  |TAMS 0x00000005d7000000| PB 0x00000005d7000000| Untracked |  0
| 175|0x00000005d7800000, 0x00000005d8000000, 0x00000005d8000000|100%| O|  |TAMS 0x00000005d7800000| PB 0x00000005d7800000| Untracked |  0
| 176|0x00000005d8000000, 0x00000005d8800000, 0x00000005d8800000|100%| O|  |TAMS 0x00000005d8000000| PB 0x00000005d8000000| Untracked |  0
| 177|0x00000005d8800000, 0x00000005d9000000, 0x00000005d9000000|100%| O|  |TAMS 0x00000005d8800000| PB 0x00000005d8800000| Untracked |  0
| 178|0x00000005d9000000, 0x00000005d9800000, 0x00000005d9800000|100%| O|  |TAMS 0x00000005d9000000| PB 0x00000005d9000000| Untracked |  0
| 179|0x00000005d9800000, 0x00000005da000000, 0x00000005da000000|100%| O|  |TAMS 0x00000005d9800000| PB 0x00000005d9800000| Untracked |  0
| 180|0x00000005da000000, 0x00000005da800000, 0x00000005da800000|100%| O|  |TAMS 0x00000005da000000| PB 0x00000005da000000| Untracked |  0
| 181|0x00000005da800000, 0x00000005db000000, 0x00000005db000000|100%| O|  |TAMS 0x00000005da800000| PB 0x00000005da800000| Untracked |  0
| 182|0x00000005db000000, 0x00000005db800000, 0x00000005db800000|100%| O|  |TAMS 0x00000005db000000| PB 0x00000005db000000| Untracked |  0
| 183|0x00000005db800000, 0x00000005dc000000, 0x00000005dc000000|100%| O|  |TAMS 0x00000005db800000| PB 0x00000005db800000| Untracked |  0
| 184|0x00000005dc000000, 0x00000005dc800000, 0x00000005dc800000|100%| O|  |TAMS 0x00000005dc000000| PB 0x00000005dc000000| Untracked |  0
| 185|0x00000005dc800000, 0x00000005dd000000, 0x00000005dd000000|100%| O|  |TAMS 0x00000005dc800000| PB 0x00000005dc800000| Untracked |  0
| 186|0x00000005dd000000, 0x00000005dd800000, 0x00000005dd800000|100%| O|  |TAMS 0x00000005dd000000| PB 0x00000005dd000000| Untracked |  0
| 187|0x00000005dd800000, 0x00000005de000000, 0x00000005de000000|100%| O|  |TAMS 0x00000005dd800000| PB 0x00000005dd800000| Untracked |  0
| 188|0x00000005de000000, 0x00000005de800000, 0x00000005de800000|100%| O|  |TAMS 0x00000005de000000| PB 0x00000005de000000| Untracked |  0
| 189|0x00000005de800000, 0x00000005df000000, 0x00000005df000000|100%| O|  |TAMS 0x00000005de800000| PB 0x00000005de800000| Untracked |  0
| 190|0x00000005df000000, 0x00000005df800000, 0x00000005df800000|100%| O|  |TAMS 0x00000005df000000| PB 0x00000005df000000| Untracked |  0
| 191|0x00000005df800000, 0x00000005e0000000, 0x00000005e0000000|100%| O|  |TAMS 0x00000005df800000| PB 0x00000005df800000| Untracked |  0
| 192|0x00000005e0000000, 0x00000005e0800000, 0x00000005e0800000|100%| O|  |TAMS 0x00000005e0000000| PB 0x00000005e0000000| Untracked |  0
| 193|0x00000005e0800000, 0x00000005e1000000, 0x00000005e1000000|100%| O|  |TAMS 0x00000005e0800000| PB 0x00000005e0800000| Untracked |  0
| 194|0x00000005e1000000, 0x00000005e1800000, 0x00000005e1800000|100%| O|  |TAMS 0x00000005e1000000| PB 0x00000005e1000000| Untracked |  0
| 195|0x00000005e1800000, 0x00000005e2000000, 0x00000005e2000000|100%| O|  |TAMS 0x00000005e1800000| PB 0x00000005e1800000| Untracked |  0
| 196|0x00000005e2000000, 0x00000005e2800000, 0x00000005e2800000|100%| O|  |TAMS 0x00000005e2000000| PB 0x00000005e2000000| Untracked |  0
| 197|0x00000005e2800000, 0x00000005e3000000, 0x00000005e3000000|100%| O|  |TAMS 0x00000005e2800000| PB 0x00000005e2800000| Untracked |  0
| 198|0x00000005e3000000, 0x00000005e3800000, 0x00000005e3800000|100%| O|  |TAMS 0x00000005e3000000| PB 0x00000005e3000000| Untracked |  0
| 199|0x00000005e3800000, 0x00000005e4000000, 0x00000005e4000000|100%| O|  |TAMS 0x00000005e3800000| PB 0x00000005e3800000| Untracked |  0
| 200|0x00000005e4000000, 0x00000005e4800000, 0x00000005e4800000|100%| O|  |TAMS 0x00000005e4000000| PB 0x00000005e4000000| Untracked |  0
| 201|0x00000005e4800000, 0x00000005e5000000, 0x00000005e5000000|100%| O|  |TAMS 0x00000005e4800000| PB 0x00000005e4800000| Untracked |  0
| 202|0x00000005e5000000, 0x00000005e5800000, 0x00000005e5800000|100%| O|  |TAMS 0x00000005e5000000| PB 0x00000005e5000000| Untracked |  0
| 203|0x00000005e5800000, 0x00000005e6000000, 0x00000005e6000000|100%| O|  |TAMS 0x00000005e5800000| PB 0x00000005e5800000| Untracked |  0
| 204|0x00000005e6000000, 0x00000005e6800000, 0x00000005e6800000|100%| O|  |TAMS 0x00000005e6000000| PB 0x00000005e6000000| Untracked |  0
| 205|0x00000005e6800000, 0x00000005e7000000, 0x00000005e7000000|100%| O|  |TAMS 0x00000005e6800000| PB 0x00000005e6800000| Untracked |  0
| 206|0x00000005e7000000, 0x00000005e7800000, 0x00000005e7800000|100%| O|  |TAMS 0x00000005e7000000| PB 0x00000005e7000000| Untracked |  0
| 207|0x00000005e7800000, 0x00000005e8000000, 0x00000005e8000000|100%| O|  |TAMS 0x00000005e7800000| PB 0x00000005e7800000| Untracked |  0
| 208|0x00000005e8000000, 0x00000005e8800000, 0x00000005e8800000|100%| O|  |TAMS 0x00000005e8000000| PB 0x00000005e8000000| Untracked |  0
| 209|0x00000005e8800000, 0x00000005e9000000, 0x00000005e9000000|100%| O|  |TAMS 0x00000005e8800000| PB 0x00000005e8800000| Untracked |  0
| 210|0x00000005e9000000, 0x00000005e9800000, 0x00000005e9800000|100%| O|  |TAMS 0x00000005e9000000| PB 0x00000005e9000000| Untracked |  0
| 211|0x00000005e9800000, 0x00000005ea000000, 0x00000005ea000000|100%| O|  |TAMS 0x00000005e9800000| PB 0x00000005e9800000| Untracked |  0
| 212|0x00000005ea000000, 0x00000005ea800000, 0x00000005ea800000|100%| O|  |TAMS 0x00000005ea000000| PB 0x00000005ea000000| Untracked |  0
| 213|0x00000005ea800000, 0x00000005eb000000, 0x00000005eb000000|100%| O|  |TAMS 0x00000005ea800000| PB 0x00000005ea800000| Untracked |  0
| 214|0x00000005eb000000, 0x00000005eb800000, 0x00000005eb800000|100%| O|  |TAMS 0x00000005eb000000| PB 0x00000005eb000000| Untracked |  0
| 215|0x00000005eb800000, 0x00000005ec000000, 0x00000005ec000000|100%| O|  |TAMS 0x00000005eb800000| PB 0x00000005eb800000| Untracked |  0
| 216|0x00000005ec000000, 0x00000005ec800000, 0x00000005ec800000|100%| O|  |TAMS 0x00000005ec000000| PB 0x00000005ec000000| Untracked |  0
| 217|0x00000005ec800000, 0x00000005ed000000, 0x00000005ed000000|100%| O|  |TAMS 0x00000005ec800000| PB 0x00000005ec800000| Untracked |  0
| 218|0x00000005ed000000, 0x00000005ed800000, 0x00000005ed800000|100%| O|  |TAMS 0x00000005ed000000| PB 0x00000005ed000000| Untracked |  0
| 219|0x00000005ed800000, 0x00000005ee000000, 0x00000005ee000000|100%| O|  |TAMS 0x00000005ed800000| PB 0x00000005ed800000| Untracked |  0
| 220|0x00000005ee000000, 0x00000005ee800000, 0x00000005ee800000|100%| O|  |TAMS 0x00000005ee000000| PB 0x00000005ee000000| Untracked |  0
| 221|0x00000005ee800000, 0x00000005ef000000, 0x00000005ef000000|100%| O|  |TAMS 0x00000005ee800000| PB 0x00000005ee800000| Untracked |  0
| 222|0x00000005ef000000, 0x00000005ef800000, 0x00000005ef800000|100%| O|  |TAMS 0x00000005ef000000| PB 0x00000005ef000000| Untracked |  0
| 223|0x00000005ef800000, 0x00000005f0000000, 0x00000005f0000000|100%| O|  |TAMS 0x00000005ef800000| PB 0x00000005ef800000| Untracked |  0
| 224|0x00000005f0000000, 0x00000005f0800000, 0x00000005f0800000|100%| O|  |TAMS 0x00000005f0000000| PB 0x00000005f0000000| Untracked |  0
| 225|0x00000005f0800000, 0x00000005f1000000, 0x00000005f1000000|100%| O|  |TAMS 0x00000005f0800000| PB 0x00000005f0800000| Untracked |  0
| 226|0x00000005f1000000, 0x00000005f1800000, 0x00000005f1800000|100%| O|  |TAMS 0x00000005f1000000| PB 0x00000005f1000000| Untracked |  0
| 227|0x00000005f1800000, 0x00000005f2000000, 0x00000005f2000000|100%| O|  |TAMS 0x00000005f1800000| PB 0x00000005f1800000| Untracked |  0
| 228|0x00000005f2000000, 0x00000005f2800000, 0x00000005f2800000|100%| O|  |TAMS 0x00000005f2000000| PB 0x00000005f2000000| Untracked |  0
| 229|0x00000005f2800000, 0x00000005f3000000, 0x00000005f3000000|100%| O|  |TAMS 0x00000005f2800000| PB 0x00000005f2800000| Untracked |  0
| 230|0x00000005f3000000, 0x00000005f3800000, 0x00000005f3800000|100%| O|  |TAMS 0x00000005f3000000| PB 0x00000005f3000000| Untracked |  0
| 231|0x00000005f3800000, 0x00000005f4000000, 0x00000005f4000000|100%| O|  |TAMS 0x00000005f3800000| PB 0x00000005f3800000| Untracked |  0
| 232|0x00000005f4000000, 0x00000005f4800000, 0x00000005f4800000|100%| O|  |TAMS 0x00000005f4000000| PB 0x00000005f4000000| Untracked |  0
| 233|0x00000005f4800000, 0x00000005f5000000, 0x00000005f5000000|100%| O|  |TAMS 0x00000005f4800000| PB 0x00000005f4800000| Untracked |  0
| 234|0x00000005f5000000, 0x00000005f5800000, 0x00000005f5800000|100%| O|  |TAMS 0x00000005f5000000| PB 0x00000005f5000000| Untracked |  0
| 235|0x00000005f5800000, 0x00000005f5f8acb0, 0x00000005f6000000| 94%| O|  |TAMS 0x00000005f5800000| PB 0x00000005f5800000| Untracked |  0
| 236|0x00000005f6000000, 0x00000005f6800000, 0x00000005f6800000|100%| O|  |TAMS 0x00000005f6000000| PB 0x00000005f6000000| Untracked |  0
| 237|0x00000005f6800000, 0x00000005f7000000, 0x00000005f7000000|100%| O|  |TAMS 0x00000005f6800000| PB 0x00000005f6800000| Untracked |  0
| 238|0x00000005f7000000, 0x00000005f7800000, 0x00000005f7800000|100%| O|  |TAMS 0x00000005f7000000| PB 0x00000005f7000000| Untracked |  0
| 239|0x00000005f7800000, 0x00000005f7800000, 0x00000005f8000000|  0%| F|  |TAMS 0x00000005f7800000| PB 0x00000005f7800000| Untracked |  0
| 240|0x00000005f8000000, 0x00000005f8800000, 0x00000005f8800000|100%| O|  |TAMS 0x00000005f8000000| PB 0x00000005f8000000| Untracked |  0
| 241|0x00000005f8800000, 0x00000005f8800000, 0x00000005f9000000|  0%| F|  |TAMS 0x00000005f8800000| PB 0x00000005f8800000| Untracked |  0
| 242|0x00000005f9000000, 0x00000005f9800000, 0x00000005f9800000|100%| O|  |TAMS 0x00000005f9000000| PB 0x00000005f9000000| Untracked |  0
| 243|0x00000005f9800000, 0x00000005fa000000, 0x00000005fa000000|100%| O|  |TAMS 0x00000005f9800000| PB 0x00000005f9800000| Untracked |  0
| 244|0x00000005fa000000, 0x00000005fa800000, 0x00000005fa800000|100%| O|  |TAMS 0x00000005fa000000| PB 0x00000005fa000000| Untracked |  0
| 245|0x00000005fa800000, 0x00000005fb000000, 0x00000005fb000000|100%| O|  |TAMS 0x00000005fa800000| PB 0x00000005fa800000| Untracked |  0
| 246|0x00000005fb000000, 0x00000005fb800000, 0x00000005fb800000|100%| O|  |TAMS 0x00000005fb000000| PB 0x00000005fb000000| Untracked |  0
| 247|0x00000005fb800000, 0x00000005fc000000, 0x00000005fc000000|100%| O|  |TAMS 0x00000005fb800000| PB 0x00000005fb800000| Untracked |  0
| 248|0x00000005fc000000, 0x00000005fc000000, 0x00000005fc800000|  0%| F|  |TAMS 0x00000005fc000000| PB 0x00000005fc000000| Untracked |  0
| 249|0x00000005fc800000, 0x00000005fd000000, 0x00000005fd000000|100%| O|  |TAMS 0x00000005fc800000| PB 0x00000005fc800000| Untracked |  0
| 250|0x00000005fd000000, 0x00000005fd800000, 0x00000005fd800000|100%| O|  |TAMS 0x00000005fd000000| PB 0x00000005fd000000| Untracked |  0
| 251|0x00000005fd800000, 0x00000005fd800000, 0x00000005fe000000|  0%| F|  |TAMS 0x00000005fd800000| PB 0x00000005fd800000| Untracked |  0
| 252|0x00000005fe000000, 0x00000005fe800000, 0x00000005fe800000|100%| O|  |TAMS 0x00000005fe000000| PB 0x00000005fe000000| Untracked |  0
| 253|0x00000005fe800000, 0x00000005ff000000, 0x00000005ff000000|100%| O|  |TAMS 0x00000005fe800000| PB 0x00000005fe800000| Untracked |  0
| 254|0x00000005ff000000, 0x00000005ff000000, 0x00000005ff800000|  0%| F|  |TAMS 0x00000005ff000000| PB 0x00000005ff000000| Untracked |  0
| 255|0x00000005ff800000, 0x0000000600000000, 0x0000000600000000|100%| O|  |TAMS 0x00000005ff800000| PB 0x00000005ff800000| Untracked |  0
| 256|0x0000000600000000, 0x0000000600800000, 0x0000000600800000|100%| O|  |TAMS 0x0000000600000000| PB 0x0000000600000000| Untracked |  0
| 257|0x0000000600800000, 0x0000000601000000, 0x0000000601000000|100%| O|  |TAMS 0x0000000600800000| PB 0x0000000600800000| Untracked |  0
| 258|0x0000000601000000, 0x0000000601800000, 0x0000000601800000|100%| O|  |TAMS 0x0000000601000000| PB 0x0000000601000000| Untracked |  0
| 259|0x0000000601800000, 0x0000000602000000, 0x0000000602000000|100%| O|  |TAMS 0x0000000601800000| PB 0x0000000601800000| Untracked |  0
| 260|0x0000000602000000, 0x0000000602800000, 0x0000000602800000|100%| O|  |TAMS 0x0000000602000000| PB 0x0000000602000000| Untracked |  0
| 261|0x0000000602800000, 0x0000000603000000, 0x0000000603000000|100%| O|  |TAMS 0x0000000602800000| PB 0x0000000602800000| Untracked |  0
| 262|0x0000000603000000, 0x0000000603800000, 0x0000000603800000|100%| O|  |TAMS 0x0000000603000000| PB 0x0000000603000000| Untracked |  0
| 263|0x0000000603800000, 0x0000000604000000, 0x0000000604000000|100%| O|  |TAMS 0x0000000603800000| PB 0x0000000603800000| Untracked |  0
| 264|0x0000000604000000, 0x0000000604800000, 0x0000000604800000|100%| O|  |TAMS 0x0000000604000000| PB 0x0000000604000000| Untracked |  0
| 265|0x0000000604800000, 0x0000000605000000, 0x0000000605000000|100%| O|  |TAMS 0x0000000604800000| PB 0x0000000604800000| Untracked |  0
| 266|0x0000000605000000, 0x0000000605800000, 0x0000000605800000|100%| O|  |TAMS 0x0000000605000000| PB 0x0000000605000000| Untracked |  0
| 267|0x0000000605800000, 0x0000000606000000, 0x0000000606000000|100%| O|  |TAMS 0x0000000605800000| PB 0x0000000605800000| Untracked |  0
| 268|0x0000000606000000, 0x0000000606000000, 0x0000000606800000|  0%| F|  |TAMS 0x0000000606000000| PB 0x0000000606000000| Untracked |  0
| 269|0x0000000606800000, 0x0000000606800000, 0x0000000607000000|  0%| F|  |TAMS 0x0000000606800000| PB 0x0000000606800000| Untracked |  0
| 270|0x0000000607000000, 0x0000000607000000, 0x0000000607800000|  0%| F|  |TAMS 0x0000000607000000| PB 0x0000000607000000| Untracked |  0
| 271|0x0000000607800000, 0x0000000607800000, 0x0000000608000000|  0%| F|  |TAMS 0x0000000607800000| PB 0x0000000607800000| Untracked |  0
| 272|0x0000000608000000, 0x0000000608000000, 0x0000000608800000|  0%| F|  |TAMS 0x0000000608000000| PB 0x0000000608000000| Untracked |  0
| 273|0x0000000608800000, 0x0000000608800000, 0x0000000609000000|  0%| F|  |TAMS 0x0000000608800000| PB 0x0000000608800000| Untracked |  0
| 274|0x0000000609000000, 0x0000000609000000, 0x0000000609800000|  0%| F|  |TAMS 0x0000000609000000| PB 0x0000000609000000| Untracked |  0
| 275|0x0000000609800000, 0x0000000609800000, 0x000000060a000000|  0%| F|  |TAMS 0x0000000609800000| PB 0x0000000609800000| Untracked |  0
| 276|0x000000060a000000, 0x000000060a000000, 0x000000060a800000|  0%| F|  |TAMS 0x000000060a000000| PB 0x000000060a000000| Untracked |  0
| 277|0x000000060a800000, 0x000000060a800000, 0x000000060b000000|  0%| F|  |TAMS 0x000000060a800000| PB 0x000000060a800000| Untracked |  0
| 278|0x000000060b000000, 0x000000060b000000, 0x000000060b800000|  0%| F|  |TAMS 0x000000060b000000| PB 0x000000060b000000| Untracked |  0
| 279|0x000000060b800000, 0x000000060b800000, 0x000000060c000000|  0%| F|  |TAMS 0x000000060b800000| PB 0x000000060b800000| Untracked |  0
| 280|0x000000060c000000, 0x000000060c000000, 0x000000060c800000|  0%| F|  |TAMS 0x000000060c000000| PB 0x000000060c000000| Untracked |  0
| 281|0x000000060c800000, 0x000000060c800000, 0x000000060d000000|  0%| F|  |TAMS 0x000000060c800000| PB 0x000000060c800000| Untracked |  0
| 282|0x000000060d000000, 0x000000060d000000, 0x000000060d800000|  0%| F|  |TAMS 0x000000060d000000| PB 0x000000060d000000| Untracked |  0
| 283|0x000000060d800000, 0x000000060d800000, 0x000000060e000000|  0%| F|  |TAMS 0x000000060d800000| PB 0x000000060d800000| Untracked |  0
| 284|0x000000060e000000, 0x000000060e000000, 0x000000060e800000|  0%| F|  |TAMS 0x000000060e000000| PB 0x000000060e000000| Untracked |  0
| 285|0x000000060e800000, 0x000000060e800000, 0x000000060f000000|  0%| F|  |TAMS 0x000000060e800000| PB 0x000000060e800000| Untracked |  0
| 286|0x000000060f000000, 0x000000060f000000, 0x000000060f800000|  0%| F|  |TAMS 0x000000060f000000| PB 0x000000060f000000| Untracked |  0
| 287|0x000000060f800000, 0x000000060f800000, 0x0000000610000000|  0%| F|  |TAMS 0x000000060f800000| PB 0x000000060f800000| Untracked |  0
| 288|0x0000000610000000, 0x0000000610000000, 0x0000000610800000|  0%| F|  |TAMS 0x0000000610000000| PB 0x0000000610000000| Untracked |  0
| 289|0x0000000610800000, 0x0000000610800000, 0x0000000611000000|  0%| F|  |TAMS 0x0000000610800000| PB 0x0000000610800000| Untracked |  0
| 290|0x0000000611000000, 0x0000000611000000, 0x0000000611800000|  0%| F|  |TAMS 0x0000000611000000| PB 0x0000000611000000| Untracked |  0
| 291|0x0000000611800000, 0x0000000611800000, 0x0000000612000000|  0%| F|  |TAMS 0x0000000611800000| PB 0x0000000611800000| Untracked |  0
| 292|0x0000000612000000, 0x0000000612000000, 0x0000000612800000|  0%| F|  |TAMS 0x0000000612000000| PB 0x0000000612000000| Untracked |  0
| 293|0x0000000612800000, 0x0000000612800000, 0x0000000613000000|  0%| F|  |TAMS 0x0000000612800000| PB 0x0000000612800000| Untracked |  0
| 294|0x0000000613000000, 0x0000000613000000, 0x0000000613800000|  0%| F|  |TAMS 0x0000000613000000| PB 0x0000000613000000| Untracked |  0
| 295|0x0000000613800000, 0x0000000613800000, 0x0000000614000000|  0%| F|  |TAMS 0x0000000613800000| PB 0x0000000613800000| Untracked |  0
| 296|0x0000000614000000, 0x0000000614000000, 0x0000000614800000|  0%| F|  |TAMS 0x0000000614000000| PB 0x0000000614000000| Untracked |  0
| 297|0x0000000614800000, 0x0000000614800000, 0x0000000615000000|  0%| F|  |TAMS 0x0000000614800000| PB 0x0000000614800000| Untracked |  0
| 298|0x0000000615000000, 0x0000000615000000, 0x0000000615800000|  0%| F|  |TAMS 0x0000000615000000| PB 0x0000000615000000| Untracked |  0
| 299|0x0000000615800000, 0x0000000615800000, 0x0000000616000000|  0%| F|  |TAMS 0x0000000615800000| PB 0x0000000615800000| Untracked |  0
| 300|0x0000000616000000, 0x0000000616000000, 0x0000000616800000|  0%| F|  |TAMS 0x0000000616000000| PB 0x0000000616000000| Untracked |  0
| 301|0x0000000616800000, 0x0000000616800000, 0x0000000617000000|  0%| F|  |TAMS 0x0000000616800000| PB 0x0000000616800000| Untracked |  0
| 302|0x0000000617000000, 0x0000000617000000, 0x0000000617800000|  0%| F|  |TAMS 0x0000000617000000| PB 0x0000000617000000| Untracked |  0
| 303|0x0000000617800000, 0x0000000617800000, 0x0000000618000000|  0%| F|  |TAMS 0x0000000617800000| PB 0x0000000617800000| Untracked |  0
| 304|0x0000000618000000, 0x0000000618000000, 0x0000000618800000|  0%| F|  |TAMS 0x0000000618000000| PB 0x0000000618000000| Untracked |  0
| 305|0x0000000618800000, 0x0000000618800000, 0x0000000619000000|  0%| F|  |TAMS 0x0000000618800000| PB 0x0000000618800000| Untracked |  0
| 306|0x0000000619000000, 0x0000000619000000, 0x0000000619800000|  0%| F|  |TAMS 0x0000000619000000| PB 0x0000000619000000| Untracked |  0
| 307|0x0000000619800000, 0x0000000619800000, 0x000000061a000000|  0%| F|  |TAMS 0x0000000619800000| PB 0x0000000619800000| Untracked |  0
| 308|0x000000061a000000, 0x000000061a000000, 0x000000061a800000|  0%| F|  |TAMS 0x000000061a000000| PB 0x000000061a000000| Untracked |  0
| 309|0x000000061a800000, 0x000000061a800000, 0x000000061b000000|  0%| F|  |TAMS 0x000000061a800000| PB 0x000000061a800000| Untracked |  0
| 310|0x000000061b000000, 0x000000061b000000, 0x000000061b800000|  0%| F|  |TAMS 0x000000061b000000| PB 0x000000061b000000| Untracked |  0
| 311|0x000000061b800000, 0x000000061b800000, 0x000000061c000000|  0%| F|  |TAMS 0x000000061b800000| PB 0x000000061b800000| Untracked |  0
| 312|0x000000061c000000, 0x000000061c000000, 0x000000061c800000|  0%| F|  |TAMS 0x000000061c000000| PB 0x000000061c000000| Untracked |  0
| 313|0x000000061c800000, 0x000000061c800000, 0x000000061d000000|  0%| F|  |TAMS 0x000000061c800000| PB 0x000000061c800000| Untracked |  0
| 314|0x000000061d000000, 0x000000061d000000, 0x000000061d800000|  0%| F|  |TAMS 0x000000061d000000| PB 0x000000061d000000| Untracked |  0
| 315|0x000000061d800000, 0x000000061d800000, 0x000000061e000000|  0%| F|  |TAMS 0x000000061d800000| PB 0x000000061d800000| Untracked |  0
| 316|0x000000061e000000, 0x000000061e000000, 0x000000061e800000|  0%| F|  |TAMS 0x000000061e000000| PB 0x000000061e000000| Untracked |  0
| 317|0x000000061e800000, 0x000000061e800000, 0x000000061f000000|  0%| F|  |TAMS 0x000000061e800000| PB 0x000000061e800000| Untracked |  0
| 318|0x000000061f000000, 0x000000061f000000, 0x000000061f800000|  0%| F|  |TAMS 0x000000061f000000| PB 0x000000061f000000| Untracked |  0
| 319|0x000000061f800000, 0x000000061f800000, 0x0000000620000000|  0%| F|  |TAMS 0x000000061f800000| PB 0x000000061f800000| Untracked |  0
| 320|0x0000000620000000, 0x0000000620000000, 0x0000000620800000|  0%| F|  |TAMS 0x0000000620000000| PB 0x0000000620000000| Untracked |  0
| 321|0x0000000620800000, 0x0000000620800000, 0x0000000621000000|  0%| F|  |TAMS 0x0000000620800000| PB 0x0000000620800000| Untracked |  0
| 322|0x0000000621000000, 0x0000000621000000, 0x0000000621800000|  0%| F|  |TAMS 0x0000000621000000| PB 0x0000000621000000| Untracked |  0
| 323|0x0000000621800000, 0x0000000621800000, 0x0000000622000000|  0%| F|  |TAMS 0x0000000621800000| PB 0x0000000621800000| Untracked |  0
| 324|0x0000000622000000, 0x0000000622000000, 0x0000000622800000|  0%| F|  |TAMS 0x0000000622000000| PB 0x0000000622000000| Untracked |  0
| 325|0x0000000622800000, 0x0000000622800000, 0x0000000623000000|  0%| F|  |TAMS 0x0000000622800000| PB 0x0000000622800000| Untracked |  0
| 326|0x0000000623000000, 0x0000000623000000, 0x0000000623800000|  0%| F|  |TAMS 0x0000000623000000| PB 0x0000000623000000| Untracked |  0
| 327|0x0000000623800000, 0x0000000623800000, 0x0000000624000000|  0%| F|  |TAMS 0x0000000623800000| PB 0x0000000623800000| Untracked |  0
| 328|0x0000000624000000, 0x0000000624000000, 0x0000000624800000|  0%| F|  |TAMS 0x0000000624000000| PB 0x0000000624000000| Untracked |  0
| 329|0x0000000624800000, 0x0000000625000000, 0x0000000625000000|100%| O|  |TAMS 0x0000000624800000| PB 0x0000000624800000| Untracked |  0
| 330|0x0000000625000000, 0x0000000625800000, 0x0000000625800000|100%| O|  |TAMS 0x0000000625000000| PB 0x0000000625000000| Untracked |  0
| 331|0x0000000625800000, 0x0000000626000000, 0x0000000626000000|100%| O|  |TAMS 0x0000000625800000| PB 0x0000000625800000| Untracked |  0
| 332|0x0000000626000000, 0x0000000626000000, 0x0000000626800000|  0%| F|  |TAMS 0x0000000626000000| PB 0x0000000626000000| Untracked |  0
| 333|0x0000000626800000, 0x0000000627000000, 0x0000000627000000|100%| O|  |TAMS 0x0000000626800000| PB 0x0000000626800000| Untracked |  0
| 334|0x0000000627000000, 0x0000000627000000, 0x0000000627800000|  0%| F|  |TAMS 0x0000000627000000| PB 0x0000000627000000| Untracked |  0
| 335|0x0000000627800000, 0x0000000627800000, 0x0000000628000000|  0%| F|  |TAMS 0x0000000627800000| PB 0x0000000627800000| Untracked |  0
| 336|0x0000000628000000, 0x0000000628800000, 0x0000000628800000|100%| O|  |TAMS 0x0000000628000000| PB 0x0000000628000000| Untracked |  0
| 337|0x0000000628800000, 0x0000000629000000, 0x0000000629000000|100%| O|  |TAMS 0x0000000628800000| PB 0x0000000628800000| Untracked |  0
| 338|0x0000000629000000, 0x0000000629800000, 0x0000000629800000|100%| O|  |TAMS 0x0000000629000000| PB 0x0000000629000000| Untracked |  0
| 339|0x0000000629800000, 0x0000000629800000, 0x000000062a000000|  0%| F|  |TAMS 0x0000000629800000| PB 0x0000000629800000| Untracked |  0
| 340|0x000000062a000000, 0x000000062a800000, 0x000000062a800000|100%| O|  |TAMS 0x000000062a000000| PB 0x000000062a000000| Untracked |  0
| 341|0x000000062a800000, 0x000000062a800000, 0x000000062b000000|  0%| F|  |TAMS 0x000000062a800000| PB 0x000000062a800000| Untracked |  0
| 342|0x000000062b000000, 0x000000062b000000, 0x000000062b800000|  0%| F|  |TAMS 0x000000062b000000| PB 0x000000062b000000| Untracked |  0
| 343|0x000000062b800000, 0x000000062c000000, 0x000000062c000000|100%| O|  |TAMS 0x000000062b800000| PB 0x000000062b800000| Untracked |  0
| 344|0x000000062c000000, 0x000000062c000000, 0x000000062c800000|  0%| F|  |TAMS 0x000000062c000000| PB 0x000000062c000000| Untracked |  0
| 345|0x000000062c800000, 0x000000062c800000, 0x000000062d000000|  0%| F|  |TAMS 0x000000062c800000| PB 0x000000062c800000| Untracked |  0
| 346|0x000000062d000000, 0x000000062d000000, 0x000000062d800000|  0%| F|  |TAMS 0x000000062d000000| PB 0x000000062d000000| Untracked |  0
| 347|0x000000062d800000, 0x000000062e000000, 0x000000062e000000|100%| O|  |TAMS 0x000000062d800000| PB 0x000000062d800000| Untracked |  0
| 348|0x000000062e000000, 0x000000062e800000, 0x000000062e800000|100%| O|  |TAMS 0x000000062e000000| PB 0x000000062e000000| Untracked |  0
| 349|0x000000062e800000, 0x000000062e800000, 0x000000062f000000|  0%| F|  |TAMS 0x000000062e800000| PB 0x000000062e800000| Untracked |  0
| 350|0x000000062f000000, 0x000000062f000000, 0x000000062f800000|  0%| F|  |TAMS 0x000000062f000000| PB 0x000000062f000000| Untracked |  0
| 351|0x000000062f800000, 0x000000062f800000, 0x0000000630000000|  0%| F|  |TAMS 0x000000062f800000| PB 0x000000062f800000| Untracked |  0
| 352|0x0000000630000000, 0x0000000630000000, 0x0000000630800000|  0%| F|  |TAMS 0x0000000630000000| PB 0x0000000630000000| Untracked |  0
| 353|0x0000000630800000, 0x0000000630800000, 0x0000000631000000|  0%| F|  |TAMS 0x0000000630800000| PB 0x0000000630800000| Untracked |  0
| 354|0x0000000631000000, 0x0000000631000000, 0x0000000631800000|  0%| F|  |TAMS 0x0000000631000000| PB 0x0000000631000000| Untracked |  0
| 355|0x0000000631800000, 0x0000000631800000, 0x0000000632000000|  0%| F|  |TAMS 0x0000000631800000| PB 0x0000000631800000| Untracked |  0
| 356|0x0000000632000000, 0x0000000632000000, 0x0000000632800000|  0%| F|  |TAMS 0x0000000632000000| PB 0x0000000632000000| Untracked |  0
| 357|0x0000000632800000, 0x0000000632800000, 0x0000000633000000|  0%| F|  |TAMS 0x0000000632800000| PB 0x0000000632800000| Untracked |  0
| 358|0x0000000633000000, 0x0000000633000000, 0x0000000633800000|  0%| F|  |TAMS 0x0000000633000000| PB 0x0000000633000000| Untracked |  0
| 359|0x0000000633800000, 0x0000000633800000, 0x0000000634000000|  0%| F|  |TAMS 0x0000000633800000| PB 0x0000000633800000| Untracked |  0
| 360|0x0000000634000000, 0x0000000634000000, 0x0000000634800000|  0%| F|  |TAMS 0x0000000634000000| PB 0x0000000634000000| Untracked |  0
| 361|0x0000000634800000, 0x0000000634800000, 0x0000000635000000|  0%| F|  |TAMS 0x0000000634800000| PB 0x0000000634800000| Untracked |  0
| 362|0x0000000635000000, 0x0000000635000000, 0x0000000635800000|  0%| F|  |TAMS 0x0000000635000000| PB 0x0000000635000000| Untracked |  0
| 363|0x0000000635800000, 0x0000000635800000, 0x0000000636000000|  0%| F|  |TAMS 0x0000000635800000| PB 0x0000000635800000| Untracked |  0
| 364|0x0000000636000000, 0x0000000636000000, 0x0000000636800000|  0%| F|  |TAMS 0x0000000636000000| PB 0x0000000636000000| Untracked |  0
| 365|0x0000000636800000, 0x0000000636800000, 0x0000000637000000|  0%| F|  |TAMS 0x0000000636800000| PB 0x0000000636800000| Untracked |  0
| 366|0x0000000637000000, 0x0000000637800000, 0x0000000637800000|100%| O|  |TAMS 0x0000000637000000| PB 0x0000000637000000| Untracked |  0
| 367|0x0000000637800000, 0x0000000638000000, 0x0000000638000000|100%| O|  |TAMS 0x0000000637800000| PB 0x0000000637800000| Untracked |  0
| 368|0x0000000638000000, 0x0000000638800000, 0x0000000638800000|100%| O|  |TAMS 0x0000000638000000| PB 0x0000000638000000| Untracked |  0
| 369|0x0000000638800000, 0x0000000638800000, 0x0000000639000000|  0%| F|  |TAMS 0x0000000638800000| PB 0x0000000638800000| Untracked |  0
| 370|0x0000000639000000, 0x0000000639000000, 0x0000000639800000|  0%| F|  |TAMS 0x0000000639000000| PB 0x0000000639000000| Untracked |  0
| 371|0x0000000639800000, 0x0000000639800000, 0x000000063a000000|  0%| F|  |TAMS 0x0000000639800000| PB 0x0000000639800000| Untracked |  0
| 372|0x000000063a000000, 0x000000063a000000, 0x000000063a800000|  0%| F|  |TAMS 0x000000063a000000| PB 0x000000063a000000| Untracked |  0
| 373|0x000000063a800000, 0x000000063b000000, 0x000000063b000000|100%| S|CS|TAMS 0x000000063a800000| PB 0x000000063a800000| Complete |  0
| 374|0x000000063b000000, 0x000000063b800000, 0x000000063b800000|100%| S|CS|TAMS 0x000000063b000000| PB 0x000000063b000000| Complete |  0
| 375|0x000000063b800000, 0x000000063c000000, 0x000000063c000000|100%| S|CS|TAMS 0x000000063b800000| PB 0x000000063b800000| Complete |  0
| 376|0x000000063c000000, 0x000000063c800000, 0x000000063c800000|100%| S|CS|TAMS 0x000000063c000000| PB 0x000000063c000000| Complete |  0
| 377|0x000000063c800000, 0x000000063d000000, 0x000000063d000000|100%| S|CS|TAMS 0x000000063c800000| PB 0x000000063c800000| Complete |  0
| 378|0x000000063d000000, 0x000000063d800000, 0x000000063d800000|100%| S|CS|TAMS 0x000000063d000000| PB 0x000000063d000000| Complete |  0
| 379|0x000000063d800000, 0x000000063e000000, 0x000000063e000000|100%| S|CS|TAMS 0x000000063d800000| PB 0x000000063d800000| Complete |  0
| 380|0x000000063e000000, 0x000000063e800000, 0x000000063e800000|100%| S|CS|TAMS 0x000000063e000000| PB 0x000000063e000000| Complete |  0
| 381|0x000000063e800000, 0x000000063f000000, 0x000000063f000000|100%| S|CS|TAMS 0x000000063e800000| PB 0x000000063e800000| Complete |  0
| 382|0x000000063f000000, 0x000000063f800000, 0x000000063f800000|100%| S|CS|TAMS 0x000000063f000000| PB 0x000000063f000000| Complete |  0
| 383|0x000000063f800000, 0x0000000640000000, 0x0000000640000000|100%| S|CS|TAMS 0x000000063f800000| PB 0x000000063f800000| Complete |  0
| 384|0x0000000640000000, 0x0000000640000000, 0x0000000640800000|  0%| F|  |TAMS 0x0000000640000000| PB 0x0000000640000000| Untracked |  0
| 385|0x0000000640800000, 0x0000000640800000, 0x0000000641000000|  0%| F|  |TAMS 0x0000000640800000| PB 0x0000000640800000| Untracked |  0
| 386|0x0000000641000000, 0x0000000641000000, 0x0000000641800000|  0%| F|  |TAMS 0x0000000641000000| PB 0x0000000641000000| Untracked |  0
| 387|0x0000000641800000, 0x0000000642000000, 0x0000000642000000|100%| S|CS|TAMS 0x0000000641800000| PB 0x0000000641800000| Complete |  0
| 388|0x0000000642000000, 0x0000000642800000, 0x0000000642800000|100%| S|CS|TAMS 0x0000000642000000| PB 0x0000000642000000| Complete |  0
| 389|0x0000000642800000, 0x0000000643000000, 0x0000000643000000|100%| S|CS|TAMS 0x0000000642800000| PB 0x0000000642800000| Complete |  0
| 390|0x0000000643000000, 0x0000000643800000, 0x0000000643800000|100%| S|CS|TAMS 0x0000000643000000| PB 0x0000000643000000| Complete |  0
| 391|0x0000000643800000, 0x0000000644000000, 0x0000000644000000|100%| S|CS|TAMS 0x0000000643800000| PB 0x0000000643800000| Complete |  0
| 392|0x0000000644000000, 0x0000000644800000, 0x0000000644800000|100%| S|CS|TAMS 0x0000000644000000| PB 0x0000000644000000| Complete |  0
| 393|0x0000000644800000, 0x0000000644800000, 0x0000000645000000|  0%| F|  |TAMS 0x0000000644800000| PB 0x0000000644800000| Untracked |  0
| 394|0x0000000645000000, 0x0000000645000000, 0x0000000645800000|  0%| F|  |TAMS 0x0000000645000000| PB 0x0000000645000000| Untracked |  0
| 395|0x0000000645800000, 0x0000000645800000, 0x0000000646000000|  0%| F|  |TAMS 0x0000000645800000| PB 0x0000000645800000| Untracked |  0
| 396|0x0000000646000000, 0x0000000646000000, 0x0000000646800000|  0%| F|  |TAMS 0x0000000646000000| PB 0x0000000646000000| Untracked |  0
| 397|0x0000000646800000, 0x0000000647000000, 0x0000000647000000|100%| O|  |TAMS 0x0000000646800000| PB 0x0000000646800000| Untracked |  0
| 398|0x0000000647000000, 0x0000000647000000, 0x0000000647800000|  0%| F|  |TAMS 0x0000000647000000| PB 0x0000000647000000| Untracked |  0
| 399|0x0000000647800000, 0x0000000647800000, 0x0000000648000000|  0%| F|  |TAMS 0x0000000647800000| PB 0x0000000647800000| Untracked |  0
| 400|0x0000000648000000, 0x0000000648000000, 0x0000000648800000|  0%| F|  |TAMS 0x0000000648000000| PB 0x0000000648000000| Untracked |  0
| 401|0x0000000648800000, 0x0000000648800000, 0x0000000649000000|  0%| F|  |TAMS 0x0000000648800000| PB 0x0000000648800000| Untracked |  0
| 402|0x0000000649000000, 0x0000000649000000, 0x0000000649800000|  0%| F|  |TAMS 0x0000000649000000| PB 0x0000000649000000| Untracked |  0
| 403|0x0000000649800000, 0x0000000649800000, 0x000000064a000000|  0%| F|  |TAMS 0x0000000649800000| PB 0x0000000649800000| Untracked |  0
| 404|0x000000064a000000, 0x000000064a000000, 0x000000064a800000|  0%| F|  |TAMS 0x000000064a000000| PB 0x000000064a000000| Untracked |  0
| 405|0x000000064a800000, 0x000000064a800000, 0x000000064b000000|  0%| F|  |TAMS 0x000000064a800000| PB 0x000000064a800000| Untracked |  0
| 406|0x000000064b000000, 0x000000064b000000, 0x000000064b800000|  0%| F|  |TAMS 0x000000064b000000| PB 0x000000064b000000| Untracked |  0
| 407|0x000000064b800000, 0x000000064b800000, 0x000000064c000000|  0%| F|  |TAMS 0x000000064b800000| PB 0x000000064b800000| Untracked |  0
| 408|0x000000064c000000, 0x000000064c000000, 0x000000064c800000|  0%| F|  |TAMS 0x000000064c000000| PB 0x000000064c000000| Untracked |  0
| 409|0x000000064c800000, 0x000000064d000000, 0x000000064d000000|100%| S|CS|TAMS 0x000000064c800000| PB 0x000000064c800000| Complete |  0
| 410|0x000000064d000000, 0x000000064d800000, 0x000000064d800000|100%| S|CS|TAMS 0x000000064d000000| PB 0x000000064d000000| Complete |  0
| 411|0x000000064d800000, 0x000000064e000000, 0x000000064e000000|100%| S|CS|TAMS 0x000000064d800000| PB 0x000000064d800000| Complete |  0
| 412|0x000000064e000000, 0x000000064e800000, 0x000000064e800000|100%| S|CS|TAMS 0x000000064e000000| PB 0x000000064e000000| Complete |  0
| 413|0x000000064e800000, 0x000000064f000000, 0x000000064f000000|100%| S|CS|TAMS 0x000000064e800000| PB 0x000000064e800000| Complete |  0
| 414|0x000000064f000000, 0x000000064f800000, 0x000000064f800000|100%| S|CS|TAMS 0x000000064f000000| PB 0x000000064f000000| Complete |  0
| 415|0x000000064f800000, 0x0000000650000000, 0x0000000650000000|100%| S|CS|TAMS 0x000000064f800000| PB 0x000000064f800000| Complete |  0
| 416|0x0000000650000000, 0x0000000650800000, 0x0000000650800000|100%| S|CS|TAMS 0x0000000650000000| PB 0x0000000650000000| Complete |  0
| 417|0x0000000650800000, 0x0000000651000000, 0x0000000651000000|100%| S|CS|TAMS 0x0000000650800000| PB 0x0000000650800000| Complete |  0
| 418|0x0000000651000000, 0x0000000651800000, 0x0000000651800000|100%| S|CS|TAMS 0x0000000651000000| PB 0x0000000651000000| Complete |  0
| 419|0x0000000651800000, 0x0000000652000000, 0x0000000652000000|100%| S|CS|TAMS 0x0000000651800000| PB 0x0000000651800000| Complete |  0
| 420|0x0000000652000000, 0x0000000652800000, 0x0000000652800000|100%| S|CS|TAMS 0x0000000652000000| PB 0x0000000652000000| Complete |  0
| 421|0x0000000652800000, 0x0000000653000000, 0x0000000653000000|100%| S|CS|TAMS 0x0000000652800000| PB 0x0000000652800000| Complete |  0
| 422|0x0000000653000000, 0x0000000653800000, 0x0000000653800000|100%| S|CS|TAMS 0x0000000653000000| PB 0x0000000653000000| Complete |  0
| 423|0x0000000653800000, 0x0000000654000000, 0x0000000654000000|100%| S|CS|TAMS 0x0000000653800000| PB 0x0000000653800000| Complete |  0
| 424|0x0000000654000000, 0x0000000654800000, 0x0000000654800000|100%| S|CS|TAMS 0x0000000654000000| PB 0x0000000654000000| Complete |  0
| 425|0x0000000654800000, 0x0000000654800000, 0x0000000655000000|  0%| F|  |TAMS 0x0000000654800000| PB 0x0000000654800000| Untracked |  0
| 426|0x0000000655000000, 0x0000000655000000, 0x0000000655800000|  0%| F|  |TAMS 0x0000000655000000| PB 0x0000000655000000| Untracked |  0
| 427|0x0000000655800000, 0x0000000655800000, 0x0000000656000000|  0%| F|  |TAMS 0x0000000655800000| PB 0x0000000655800000| Untracked |  0
| 428|0x0000000656000000, 0x0000000656000000, 0x0000000656800000|  0%| F|  |TAMS 0x0000000656000000| PB 0x0000000656000000| Untracked |  0
| 429|0x0000000656800000, 0x0000000656800000, 0x0000000657000000|  0%| F|  |TAMS 0x0000000656800000| PB 0x0000000656800000| Untracked |  0
| 430|0x0000000657000000, 0x0000000657000000, 0x0000000657800000|  0%| F|  |TAMS 0x0000000657000000| PB 0x0000000657000000| Untracked |  0
| 431|0x0000000657800000, 0x0000000657800000, 0x0000000658000000|  0%| F|  |TAMS 0x0000000657800000| PB 0x0000000657800000| Untracked |  0
| 432|0x0000000658000000, 0x0000000658800000, 0x0000000658800000|100%| S|CS|TAMS 0x0000000658000000| PB 0x0000000658000000| Complete |  0
| 433|0x0000000658800000, 0x0000000659000000, 0x0000000659000000|100%| S|CS|TAMS 0x0000000658800000| PB 0x0000000658800000| Complete |  0
| 434|0x0000000659000000, 0x0000000659800000, 0x0000000659800000|100%| S|CS|TAMS 0x0000000659000000| PB 0x0000000659000000| Complete |  0
| 435|0x0000000659800000, 0x0000000659800000, 0x000000065a000000|  0%| F|  |TAMS 0x0000000659800000| PB 0x0000000659800000| Untracked |  0
| 436|0x000000065a000000, 0x000000065a000000, 0x000000065a800000|  0%| F|  |TAMS 0x000000065a000000| PB 0x000000065a000000| Untracked |  0
| 437|0x000000065a800000, 0x000000065a800000, 0x000000065b000000|  0%| F|  |TAMS 0x000000065a800000| PB 0x000000065a800000| Untracked |  0
| 438|0x000000065b000000, 0x000000065b000000, 0x000000065b800000|  0%| F|  |TAMS 0x000000065b000000| PB 0x000000065b000000| Untracked |  0
| 439|0x000000065b800000, 0x000000065b800000, 0x000000065c000000|  0%| F|  |TAMS 0x000000065b800000| PB 0x000000065b800000| Untracked |  0
| 440|0x000000065c000000, 0x000000065c000000, 0x000000065c800000|  0%| F|  |TAMS 0x000000065c000000| PB 0x000000065c000000| Untracked |  0
| 441|0x000000065c800000, 0x000000065c800000, 0x000000065d000000|  0%| F|  |TAMS 0x000000065c800000| PB 0x000000065c800000| Untracked |  0
| 442|0x000000065d000000, 0x000000065d000000, 0x000000065d800000|  0%| F|  |TAMS 0x000000065d000000| PB 0x000000065d000000| Untracked |  0
| 443|0x000000065d800000, 0x000000065d800000, 0x000000065e000000|  0%| F|  |TAMS 0x000000065d800000| PB 0x000000065d800000| Untracked |  0
| 444|0x000000065e000000, 0x000000065e000000, 0x000000065e800000|  0%| F|  |TAMS 0x000000065e000000| PB 0x000000065e000000| Untracked |  0
| 445|0x000000065e800000, 0x000000065e800000, 0x000000065f000000|  0%| F|  |TAMS 0x000000065e800000| PB 0x000000065e800000| Untracked |  0
| 446|0x000000065f000000, 0x000000065f000000, 0x000000065f800000|  0%| F|  |TAMS 0x000000065f000000| PB 0x000000065f000000| Untracked |  0
| 447|0x000000065f800000, 0x000000065f800000, 0x0000000660000000|  0%| F|  |TAMS 0x000000065f800000| PB 0x000000065f800000| Untracked |  0
| 448|0x0000000660000000, 0x0000000660800000, 0x0000000660800000|100%| S|CS|TAMS 0x0000000660000000| PB 0x0000000660000000| Complete |  0
| 449|0x0000000660800000, 0x0000000661000000, 0x0000000661000000|100%| S|CS|TAMS 0x0000000660800000| PB 0x0000000660800000| Complete |  0
| 450|0x0000000661000000, 0x0000000661800000, 0x0000000661800000|100%| S|CS|TAMS 0x0000000661000000| PB 0x0000000661000000| Complete |  0
| 451|0x0000000661800000, 0x0000000662000000, 0x0000000662000000|100%| S|CS|TAMS 0x0000000661800000| PB 0x0000000661800000| Complete |  0
| 452|0x0000000662000000, 0x0000000662000000, 0x0000000662800000|  0%| F|  |TAMS 0x0000000662000000| PB 0x0000000662000000| Untracked |  0
| 453|0x0000000662800000, 0x0000000662800000, 0x0000000663000000|  0%| F|  |TAMS 0x0000000662800000| PB 0x0000000662800000| Untracked |  0
| 454|0x0000000663000000, 0x0000000663000000, 0x0000000663800000|  0%| F|  |TAMS 0x0000000663000000| PB 0x0000000663000000| Untracked |  0
| 455|0x0000000663800000, 0x0000000663800000, 0x0000000664000000|  0%| F|  |TAMS 0x0000000663800000| PB 0x0000000663800000| Untracked |  0
| 456|0x0000000664000000, 0x0000000664000000, 0x0000000664800000|  0%| F|  |TAMS 0x0000000664000000| PB 0x0000000664000000| Untracked |  0
| 457|0x0000000664800000, 0x0000000664800000, 0x0000000665000000|  0%| F|  |TAMS 0x0000000664800000| PB 0x0000000664800000| Untracked |  0
| 458|0x0000000665000000, 0x0000000665000000, 0x0000000665800000|  0%| F|  |TAMS 0x0000000665000000| PB 0x0000000665000000| Untracked |  0
| 459|0x0000000665800000, 0x0000000665800000, 0x0000000666000000|  0%| F|  |TAMS 0x0000000665800000| PB 0x0000000665800000| Untracked |  0
| 460|0x0000000666000000, 0x0000000666000000, 0x0000000666800000|  0%| F|  |TAMS 0x0000000666000000| PB 0x0000000666000000| Untracked |  0
| 461|0x0000000666800000, 0x0000000666800000, 0x0000000667000000|  0%| F|  |TAMS 0x0000000666800000| PB 0x0000000666800000| Untracked |  0
| 462|0x0000000667000000, 0x0000000667000000, 0x0000000667800000|  0%| F|  |TAMS 0x0000000667000000| PB 0x0000000667000000| Untracked |  0
| 463|0x0000000667800000, 0x0000000667800000, 0x0000000668000000|  0%| F|  |TAMS 0x0000000667800000| PB 0x0000000667800000| Untracked |  0
| 464|0x0000000668000000, 0x0000000668000000, 0x0000000668800000|  0%| F|  |TAMS 0x0000000668000000| PB 0x0000000668000000| Untracked |  0
| 465|0x0000000668800000, 0x0000000668800000, 0x0000000669000000|  0%| F|  |TAMS 0x0000000668800000| PB 0x0000000668800000| Untracked |  0
| 466|0x0000000669000000, 0x0000000669000000, 0x0000000669800000|  0%| F|  |TAMS 0x0000000669000000| PB 0x0000000669000000| Untracked |  0
| 467|0x0000000669800000, 0x0000000669800000, 0x000000066a000000|  0%| F|  |TAMS 0x0000000669800000| PB 0x0000000669800000| Untracked |  0
| 468|0x000000066a000000, 0x000000066a000000, 0x000000066a800000|  0%| F|  |TAMS 0x000000066a000000| PB 0x000000066a000000| Untracked |  0
| 469|0x000000066a800000, 0x000000066a800000, 0x000000066b000000|  0%| F|  |TAMS 0x000000066a800000| PB 0x000000066a800000| Untracked |  0
| 470|0x000000066b000000, 0x000000066b000000, 0x000000066b800000|  0%| F|  |TAMS 0x000000066b000000| PB 0x000000066b000000| Untracked |  0
| 471|0x000000066b800000, 0x000000066b800000, 0x000000066c000000|  0%| F|  |TAMS 0x000000066b800000| PB 0x000000066b800000| Untracked |  0
| 472|0x000000066c000000, 0x000000066c000000, 0x000000066c800000|  0%| F|  |TAMS 0x000000066c000000| PB 0x000000066c000000| Untracked |  0
| 473|0x000000066c800000, 0x000000066c800000, 0x000000066d000000|  0%| F|  |TAMS 0x000000066c800000| PB 0x000000066c800000| Untracked |  0
| 474|0x000000066d000000, 0x000000066d000000, 0x000000066d800000|  0%| F|  |TAMS 0x000000066d000000| PB 0x000000066d000000| Untracked |  0
| 475|0x000000066d800000, 0x000000066d800000, 0x000000066e000000|  0%| F|  |TAMS 0x000000066d800000| PB 0x000000066d800000| Untracked |  0
| 476|0x000000066e000000, 0x000000066e000000, 0x000000066e800000|  0%| F|  |TAMS 0x000000066e000000| PB 0x000000066e000000| Untracked |  0
| 477|0x000000066e800000, 0x000000066e800000, 0x000000066f000000|  0%| F|  |TAMS 0x000000066e800000| PB 0x000000066e800000| Untracked |  0
| 478|0x000000066f000000, 0x000000066f000000, 0x000000066f800000|  0%| F|  |TAMS 0x000000066f000000| PB 0x000000066f000000| Untracked |  0
| 479|0x000000066f800000, 0x000000066f800000, 0x0000000670000000|  0%| F|  |TAMS 0x000000066f800000| PB 0x000000066f800000| Untracked |  0
| 480|0x0000000670000000, 0x0000000670000000, 0x0000000670800000|  0%| F|  |TAMS 0x0000000670000000| PB 0x0000000670000000| Untracked |  0
| 481|0x0000000670800000, 0x0000000670800000, 0x0000000671000000|  0%| F|  |TAMS 0x0000000670800000| PB 0x0000000670800000| Untracked |  0
| 482|0x0000000671000000, 0x0000000671000000, 0x0000000671800000|  0%| F|  |TAMS 0x0000000671000000| PB 0x0000000671000000| Untracked |  0
| 483|0x0000000671800000, 0x0000000671800000, 0x0000000672000000|  0%| F|  |TAMS 0x0000000671800000| PB 0x0000000671800000| Untracked |  0
| 484|0x0000000672000000, 0x0000000672000000, 0x0000000672800000|  0%| F|  |TAMS 0x0000000672000000| PB 0x0000000672000000| Untracked |  0
| 485|0x0000000672800000, 0x0000000672800000, 0x0000000673000000|  0%| F|  |TAMS 0x0000000672800000| PB 0x0000000672800000| Untracked |  0
| 486|0x0000000673000000, 0x0000000673000000, 0x0000000673800000|  0%| F|  |TAMS 0x0000000673000000| PB 0x0000000673000000| Untracked |  0
| 487|0x0000000673800000, 0x0000000673800000, 0x0000000674000000|  0%| F|  |TAMS 0x0000000673800000| PB 0x0000000673800000| Untracked |  0
| 488|0x0000000674000000, 0x0000000674000000, 0x0000000674800000|  0%| F|  |TAMS 0x0000000674000000| PB 0x0000000674000000| Untracked |  0
| 489|0x0000000674800000, 0x0000000674800000, 0x0000000675000000|  0%| F|  |TAMS 0x0000000674800000| PB 0x0000000674800000| Untracked |  0
| 490|0x0000000675000000, 0x0000000675000000, 0x0000000675800000|  0%| F|  |TAMS 0x0000000675000000| PB 0x0000000675000000| Untracked |  0
| 491|0x0000000675800000, 0x0000000675800000, 0x0000000676000000|  0%| F|  |TAMS 0x0000000675800000| PB 0x0000000675800000| Untracked |  0
| 492|0x0000000676000000, 0x0000000676000000, 0x0000000676800000|  0%| F|  |TAMS 0x0000000676000000| PB 0x0000000676000000| Untracked |  0
| 493|0x0000000676800000, 0x0000000676800000, 0x0000000677000000|  0%| F|  |TAMS 0x0000000676800000| PB 0x0000000676800000| Untracked |  0
| 494|0x0000000677000000, 0x0000000677000000, 0x0000000677800000|  0%| F|  |TAMS 0x0000000677000000| PB 0x0000000677000000| Untracked |  0
| 495|0x0000000677800000, 0x0000000677800000, 0x0000000678000000|  0%| F|  |TAMS 0x0000000677800000| PB 0x0000000677800000| Untracked |  0
| 496|0x0000000678000000, 0x0000000678000000, 0x0000000678800000|  0%| F|  |TAMS 0x0000000678000000| PB 0x0000000678000000| Untracked |  0
| 497|0x0000000678800000, 0x0000000678800000, 0x0000000679000000|  0%| F|  |TAMS 0x0000000678800000| PB 0x0000000678800000| Untracked |  0
| 498|0x0000000679000000, 0x0000000679000000, 0x0000000679800000|  0%| F|  |TAMS 0x0000000679000000| PB 0x0000000679000000| Untracked |  0
| 499|0x0000000679800000, 0x0000000679800000, 0x000000067a000000|  0%| F|  |TAMS 0x0000000679800000| PB 0x0000000679800000| Untracked |  0
| 500|0x000000067a000000, 0x000000067a000000, 0x000000067a800000|  0%| F|  |TAMS 0x000000067a000000| PB 0x000000067a000000| Untracked |  0
| 501|0x000000067a800000, 0x000000067a800000, 0x000000067b000000|  0%| F|  |TAMS 0x000000067a800000| PB 0x000000067a800000| Untracked |  0
| 502|0x000000067b000000, 0x000000067b000000, 0x000000067b800000|  0%| F|  |TAMS 0x000000067b000000| PB 0x000000067b000000| Untracked |  0
| 503|0x000000067b800000, 0x000000067b800000, 0x000000067c000000|  0%| F|  |TAMS 0x000000067b800000| PB 0x000000067b800000| Untracked |  0
| 504|0x000000067c000000, 0x000000067c000000, 0x000000067c800000|  0%| F|  |TAMS 0x000000067c000000| PB 0x000000067c000000| Untracked |  0
| 505|0x000000067c800000, 0x000000067c800000, 0x000000067d000000|  0%| F|  |TAMS 0x000000067c800000| PB 0x000000067c800000| Untracked |  0
| 506|0x000000067d000000, 0x000000067d000000, 0x000000067d800000|  0%| F|  |TAMS 0x000000067d000000| PB 0x000000067d000000| Untracked |  0
| 507|0x000000067d800000, 0x000000067d800000, 0x000000067e000000|  0%| F|  |TAMS 0x000000067d800000| PB 0x000000067d800000| Untracked |  0
| 508|0x000000067e000000, 0x000000067e000000, 0x000000067e800000|  0%| F|  |TAMS 0x000000067e000000| PB 0x000000067e000000| Untracked |  0
| 509|0x000000067e800000, 0x000000067e800000, 0x000000067f000000|  0%| F|  |TAMS 0x000000067e800000| PB 0x000000067e800000| Untracked |  0
| 510|0x000000067f000000, 0x000000067f000000, 0x000000067f800000|  0%| F|  |TAMS 0x000000067f000000| PB 0x000000067f000000| Untracked |  0
| 511|0x000000067f800000, 0x000000067f800000, 0x0000000680000000|  0%| F|  |TAMS 0x000000067f800000| PB 0x000000067f800000| Untracked |  0
| 512|0x0000000680000000, 0x0000000680000000, 0x0000000680800000|  0%| F|  |TAMS 0x0000000680000000| PB 0x0000000680000000| Untracked |  0
| 513|0x0000000680800000, 0x0000000680800000, 0x0000000681000000|  0%| F|  |TAMS 0x0000000680800000| PB 0x0000000680800000| Untracked |  0
| 514|0x0000000681000000, 0x0000000681000000, 0x0000000681800000|  0%| F|  |TAMS 0x0000000681000000| PB 0x0000000681000000| Untracked |  0
| 515|0x0000000681800000, 0x0000000681800000, 0x0000000682000000|  0%| F|  |TAMS 0x0000000681800000| PB 0x0000000681800000| Untracked |  0
| 516|0x0000000682000000, 0x0000000682000000, 0x0000000682800000|  0%| F|  |TAMS 0x0000000682000000| PB 0x0000000682000000| Untracked |  0
| 517|0x0000000682800000, 0x0000000682800000, 0x0000000683000000|  0%| F|  |TAMS 0x0000000682800000| PB 0x0000000682800000| Untracked |  0
| 518|0x0000000683000000, 0x0000000683000000, 0x0000000683800000|  0%| F|  |TAMS 0x0000000683000000| PB 0x0000000683000000| Untracked |  0
| 519|0x0000000683800000, 0x0000000683800000, 0x0000000684000000|  0%| F|  |TAMS 0x0000000683800000| PB 0x0000000683800000| Untracked |  0
| 520|0x0000000684000000, 0x0000000684000000, 0x0000000684800000|  0%| F|  |TAMS 0x0000000684000000| PB 0x0000000684000000| Untracked |  0
| 521|0x0000000684800000, 0x0000000684800000, 0x0000000685000000|  0%| F|  |TAMS 0x0000000684800000| PB 0x0000000684800000| Untracked |  0
| 522|0x0000000685000000, 0x0000000685000000, 0x0000000685800000|  0%| F|  |TAMS 0x0000000685000000| PB 0x0000000685000000| Untracked |  0
| 523|0x0000000685800000, 0x0000000685800000, 0x0000000686000000|  0%| F|  |TAMS 0x0000000685800000| PB 0x0000000685800000| Untracked |  0
| 524|0x0000000686000000, 0x0000000686000000, 0x0000000686800000|  0%| F|  |TAMS 0x0000000686000000| PB 0x0000000686000000| Untracked |  0
| 525|0x0000000686800000, 0x0000000686800000, 0x0000000687000000|  0%| F|  |TAMS 0x0000000686800000| PB 0x0000000686800000| Untracked |  0
| 526|0x0000000687000000, 0x00000006874100c0, 0x0000000687800000| 50%| E|  |TAMS 0x0000000687000000| PB 0x0000000687000000| Complete |  0
| 527|0x0000000687800000, 0x0000000688000000, 0x0000000688000000|100%| E|CS|TAMS 0x0000000687800000| PB 0x0000000687800000| Complete |  0
| 528|0x0000000688000000, 0x0000000688800000, 0x0000000688800000|100%| E|CS|TAMS 0x0000000688000000| PB 0x0000000688000000| Complete |  0
| 529|0x0000000688800000, 0x0000000689000000, 0x0000000689000000|100%| E|CS|TAMS 0x0000000688800000| PB 0x0000000688800000| Complete |  0
| 530|0x0000000689000000, 0x0000000689800000, 0x0000000689800000|100%| E|CS|TAMS 0x0000000689000000| PB 0x0000000689000000| Complete |  0
| 531|0x0000000689800000, 0x000000068a000000, 0x000000068a000000|100%| E|CS|TAMS 0x0000000689800000| PB 0x0000000689800000| Complete |  0
| 532|0x000000068a000000, 0x000000068a800000, 0x000000068a800000|100%| E|CS|TAMS 0x000000068a000000| PB 0x000000068a000000| Complete |  0
| 533|0x000000068a800000, 0x000000068b000000, 0x000000068b000000|100%| E|CS|TAMS 0x000000068a800000| PB 0x000000068a800000| Complete |  0
| 534|0x000000068b000000, 0x000000068b800000, 0x000000068b800000|100%| E|CS|TAMS 0x000000068b000000| PB 0x000000068b000000| Complete |  0
| 535|0x000000068b800000, 0x000000068c000000, 0x000000068c000000|100%| E|CS|TAMS 0x000000068b800000| PB 0x000000068b800000| Complete |  0
| 536|0x000000068c000000, 0x000000068c800000, 0x000000068c800000|100%| E|CS|TAMS 0x000000068c000000| PB 0x000000068c000000| Complete |  0
| 537|0x000000068c800000, 0x000000068d000000, 0x000000068d000000|100%| E|CS|TAMS 0x000000068c800000| PB 0x000000068c800000| Complete |  0
| 538|0x000000068d000000, 0x000000068d800000, 0x000000068d800000|100%| E|CS|TAMS 0x000000068d000000| PB 0x000000068d000000| Complete |  0
| 539|0x000000068d800000, 0x000000068e000000, 0x000000068e000000|100%| E|CS|TAMS 0x000000068d800000| PB 0x000000068d800000| Complete |  0
| 540|0x000000068e000000, 0x000000068e800000, 0x000000068e800000|100%| E|CS|TAMS 0x000000068e000000| PB 0x000000068e000000| Complete |  0
| 541|0x000000068e800000, 0x000000068f000000, 0x000000068f000000|100%| E|CS|TAMS 0x000000068e800000| PB 0x000000068e800000| Complete |  0
| 542|0x000000068f000000, 0x000000068f800000, 0x000000068f800000|100%| E|CS|TAMS 0x000000068f000000| PB 0x000000068f000000| Complete |  0
| 543|0x000000068f800000, 0x0000000690000000, 0x0000000690000000|100%| E|CS|TAMS 0x000000068f800000| PB 0x000000068f800000| Complete |  0
| 544|0x0000000690000000, 0x0000000690800000, 0x0000000690800000|100%| E|CS|TAMS 0x0000000690000000| PB 0x0000000690000000| Complete |  0
| 545|0x0000000690800000, 0x0000000691000000, 0x0000000691000000|100%| E|CS|TAMS 0x0000000690800000| PB 0x0000000690800000| Complete |  0
| 546|0x0000000691000000, 0x0000000691800000, 0x0000000691800000|100%| E|CS|TAMS 0x0000000691000000| PB 0x0000000691000000| Complete |  0
| 547|0x0000000691800000, 0x0000000692000000, 0x0000000692000000|100%| E|CS|TAMS 0x0000000691800000| PB 0x0000000691800000| Complete |  0
| 548|0x0000000692000000, 0x0000000692800000, 0x0000000692800000|100%| E|CS|TAMS 0x0000000692000000| PB 0x0000000692000000| Complete |  0
| 549|0x0000000692800000, 0x0000000693000000, 0x0000000693000000|100%| E|CS|TAMS 0x0000000692800000| PB 0x0000000692800000| Complete |  0
| 550|0x0000000693000000, 0x0000000693800000, 0x0000000693800000|100%| E|CS|TAMS 0x0000000693000000| PB 0x0000000693000000| Complete |  0
| 551|0x0000000693800000, 0x0000000694000000, 0x0000000694000000|100%| E|CS|TAMS 0x0000000693800000| PB 0x0000000693800000| Complete |  0
| 552|0x0000000694000000, 0x0000000694800000, 0x0000000694800000|100%| E|CS|TAMS 0x0000000694000000| PB 0x0000000694000000| Complete |  0
| 553|0x0000000694800000, 0x0000000695000000, 0x0000000695000000|100%| E|CS|TAMS 0x0000000694800000| PB 0x0000000694800000| Complete |  0
| 554|0x0000000695000000, 0x0000000695800000, 0x0000000695800000|100%| E|CS|TAMS 0x0000000695000000| PB 0x0000000695000000| Complete |  0
| 555|0x0000000695800000, 0x0000000696000000, 0x0000000696000000|100%| E|CS|TAMS 0x0000000695800000| PB 0x0000000695800000| Complete |  0
| 556|0x0000000696000000, 0x0000000696800000, 0x0000000696800000|100%| E|CS|TAMS 0x0000000696000000| PB 0x0000000696000000| Complete |  0
| 557|0x0000000696800000, 0x0000000697000000, 0x0000000697000000|100%| E|CS|TAMS 0x0000000696800000| PB 0x0000000696800000| Complete |  0
| 558|0x0000000697000000, 0x0000000697800000, 0x0000000697800000|100%| E|CS|TAMS 0x0000000697000000| PB 0x0000000697000000| Complete |  0
| 559|0x0000000697800000, 0x0000000698000000, 0x0000000698000000|100%| E|CS|TAMS 0x0000000697800000| PB 0x0000000697800000| Complete |  0
| 560|0x0000000698000000, 0x0000000698800000, 0x0000000698800000|100%| E|CS|TAMS 0x0000000698000000| PB 0x0000000698000000| Complete |  0
| 561|0x0000000698800000, 0x0000000699000000, 0x0000000699000000|100%| E|CS|TAMS 0x0000000698800000| PB 0x0000000698800000| Complete |  0
| 562|0x0000000699000000, 0x0000000699800000, 0x0000000699800000|100%| E|CS|TAMS 0x0000000699000000| PB 0x0000000699000000| Complete |  0
| 563|0x0000000699800000, 0x000000069a000000, 0x000000069a000000|100%| E|CS|TAMS 0x0000000699800000| PB 0x0000000699800000| Complete |  0
| 564|0x000000069a000000, 0x000000069a800000, 0x000000069a800000|100%| E|CS|TAMS 0x000000069a000000| PB 0x000000069a000000| Complete |  0
| 565|0x000000069a800000, 0x000000069b000000, 0x000000069b000000|100%| E|CS|TAMS 0x000000069a800000| PB 0x000000069a800000| Complete |  0
| 566|0x000000069b000000, 0x000000069b800000, 0x000000069b800000|100%| E|CS|TAMS 0x000000069b000000| PB 0x000000069b000000| Complete |  0
| 567|0x000000069b800000, 0x000000069c000000, 0x000000069c000000|100%| E|CS|TAMS 0x000000069b800000| PB 0x000000069b800000| Complete |  0
| 568|0x000000069c000000, 0x000000069c800000, 0x000000069c800000|100%| E|CS|TAMS 0x000000069c000000| PB 0x000000069c000000| Complete |  0
| 569|0x000000069c800000, 0x000000069d000000, 0x000000069d000000|100%| E|CS|TAMS 0x000000069c800000| PB 0x000000069c800000| Complete |  0
| 570|0x000000069d000000, 0x000000069d800000, 0x000000069d800000|100%| E|CS|TAMS 0x000000069d000000| PB 0x000000069d000000| Complete |  0
| 571|0x000000069d800000, 0x000000069e000000, 0x000000069e000000|100%| E|CS|TAMS 0x000000069d800000| PB 0x000000069d800000| Complete |  0
| 572|0x000000069e000000, 0x000000069e800000, 0x000000069e800000|100%| E|CS|TAMS 0x000000069e000000| PB 0x000000069e000000| Complete |  0
| 573|0x000000069e800000, 0x000000069f000000, 0x000000069f000000|100%| E|CS|TAMS 0x000000069e800000| PB 0x000000069e800000| Complete |  0
| 574|0x000000069f000000, 0x000000069f800000, 0x000000069f800000|100%| E|CS|TAMS 0x000000069f000000| PB 0x000000069f000000| Complete |  0
| 575|0x000000069f800000, 0x00000006a0000000, 0x00000006a0000000|100%| E|CS|TAMS 0x000000069f800000| PB 0x000000069f800000| Complete |  0
| 576|0x00000006a0000000, 0x00000006a0800000, 0x00000006a0800000|100%| E|CS|TAMS 0x00000006a0000000| PB 0x00000006a0000000| Complete |  0
| 577|0x00000006a0800000, 0x00000006a1000000, 0x00000006a1000000|100%| E|CS|TAMS 0x00000006a0800000| PB 0x00000006a0800000| Complete |  0
| 578|0x00000006a1000000, 0x00000006a1800000, 0x00000006a1800000|100%| E|CS|TAMS 0x00000006a1000000| PB 0x00000006a1000000| Complete |  0
| 579|0x00000006a1800000, 0x00000006a2000000, 0x00000006a2000000|100%| E|CS|TAMS 0x00000006a1800000| PB 0x00000006a1800000| Complete |  0
| 580|0x00000006a2000000, 0x00000006a2800000, 0x00000006a2800000|100%| E|CS|TAMS 0x00000006a2000000| PB 0x00000006a2000000| Complete |  0
| 581|0x00000006a2800000, 0x00000006a3000000, 0x00000006a3000000|100%| E|CS|TAMS 0x00000006a2800000| PB 0x00000006a2800000| Complete |  0
| 582|0x00000006a3000000, 0x00000006a3800000, 0x00000006a3800000|100%| E|CS|TAMS 0x00000006a3000000| PB 0x00000006a3000000| Complete |  0
| 583|0x00000006a3800000, 0x00000006a4000000, 0x00000006a4000000|100%| E|CS|TAMS 0x00000006a3800000| PB 0x00000006a3800000| Complete |  0
| 584|0x00000006a4000000, 0x00000006a4800000, 0x00000006a4800000|100%| E|CS|TAMS 0x00000006a4000000| PB 0x00000006a4000000| Complete |  0
| 585|0x00000006a4800000, 0x00000006a5000000, 0x00000006a5000000|100%| E|CS|TAMS 0x00000006a4800000| PB 0x00000006a4800000| Complete |  0
| 586|0x00000006a5000000, 0x00000006a5800000, 0x00000006a5800000|100%| E|CS|TAMS 0x00000006a5000000| PB 0x00000006a5000000| Complete |  0
| 587|0x00000006a5800000, 0x00000006a6000000, 0x00000006a6000000|100%| E|CS|TAMS 0x00000006a5800000| PB 0x00000006a5800000| Complete |  0
| 588|0x00000006a6000000, 0x00000006a6800000, 0x00000006a6800000|100%| E|CS|TAMS 0x00000006a6000000| PB 0x00000006a6000000| Complete |  0
| 589|0x00000006a6800000, 0x00000006a7000000, 0x00000006a7000000|100%| E|CS|TAMS 0x00000006a6800000| PB 0x00000006a6800000| Complete |  0
| 590|0x00000006a7000000, 0x00000006a7800000, 0x00000006a7800000|100%| E|CS|TAMS 0x00000006a7000000| PB 0x00000006a7000000| Complete |  0
| 591|0x00000006a7800000, 0x00000006a8000000, 0x00000006a8000000|100%| E|CS|TAMS 0x00000006a7800000| PB 0x00000006a7800000| Complete |  0
| 592|0x00000006a8000000, 0x00000006a8800000, 0x00000006a8800000|100%| E|CS|TAMS 0x00000006a8000000| PB 0x00000006a8000000| Complete |  0
| 593|0x00000006a8800000, 0x00000006a9000000, 0x00000006a9000000|100%| E|CS|TAMS 0x00000006a8800000| PB 0x00000006a8800000| Complete |  0
| 594|0x00000006a9000000, 0x00000006a9800000, 0x00000006a9800000|100%| E|CS|TAMS 0x00000006a9000000| PB 0x00000006a9000000| Complete |  0
| 595|0x00000006a9800000, 0x00000006aa000000, 0x00000006aa000000|100%| E|CS|TAMS 0x00000006a9800000| PB 0x00000006a9800000| Complete |  0
| 596|0x00000006aa000000, 0x00000006aa800000, 0x00000006aa800000|100%| E|CS|TAMS 0x00000006aa000000| PB 0x00000006aa000000| Complete |  0
| 597|0x00000006aa800000, 0x00000006ab000000, 0x00000006ab000000|100%| E|CS|TAMS 0x00000006aa800000| PB 0x00000006aa800000| Complete |  0
| 598|0x00000006ab000000, 0x00000006ab800000, 0x00000006ab800000|100%| E|CS|TAMS 0x00000006ab000000| PB 0x00000006ab000000| Complete |  0
| 599|0x00000006ab800000, 0x00000006ac000000, 0x00000006ac000000|100%| E|CS|TAMS 0x00000006ab800000| PB 0x00000006ab800000| Complete |  0
| 600|0x00000006ac000000, 0x00000006ac800000, 0x00000006ac800000|100%| E|CS|TAMS 0x00000006ac000000| PB 0x00000006ac000000| Complete |  0
| 601|0x00000006ac800000, 0x00000006ad000000, 0x00000006ad000000|100%| E|CS|TAMS 0x00000006ac800000| PB 0x00000006ac800000| Complete |  0
| 602|0x00000006ad000000, 0x00000006ad800000, 0x00000006ad800000|100%| E|CS|TAMS 0x00000006ad000000| PB 0x00000006ad000000| Complete |  0
| 603|0x00000006ad800000, 0x00000006ae000000, 0x00000006ae000000|100%| E|CS|TAMS 0x00000006ad800000| PB 0x00000006ad800000| Complete |  0
| 604|0x00000006ae000000, 0x00000006ae800000, 0x00000006ae800000|100%| E|CS|TAMS 0x00000006ae000000| PB 0x00000006ae000000| Complete |  0
| 605|0x00000006ae800000, 0x00000006af000000, 0x00000006af000000|100%| E|CS|TAMS 0x00000006ae800000| PB 0x00000006ae800000| Complete |  0
| 606|0x00000006af000000, 0x00000006af800000, 0x00000006af800000|100%| E|CS|TAMS 0x00000006af000000| PB 0x00000006af000000| Complete |  0
| 607|0x00000006af800000, 0x00000006b0000000, 0x00000006b0000000|100%| E|CS|TAMS 0x00000006af800000| PB 0x00000006af800000| Complete |  0
| 608|0x00000006b0000000, 0x00000006b0800000, 0x00000006b0800000|100%| E|CS|TAMS 0x00000006b0000000| PB 0x00000006b0000000| Complete |  0
| 609|0x00000006b0800000, 0x00000006b1000000, 0x00000006b1000000|100%| E|CS|TAMS 0x00000006b0800000| PB 0x00000006b0800000| Complete |  0
| 610|0x00000006b1000000, 0x00000006b1800000, 0x00000006b1800000|100%| E|CS|TAMS 0x00000006b1000000| PB 0x00000006b1000000| Complete |  0
| 611|0x00000006b1800000, 0x00000006b2000000, 0x00000006b2000000|100%| E|CS|TAMS 0x00000006b1800000| PB 0x00000006b1800000| Complete |  0
| 612|0x00000006b2000000, 0x00000006b2800000, 0x00000006b2800000|100%| E|CS|TAMS 0x00000006b2000000| PB 0x00000006b2000000| Complete |  0
| 613|0x00000006b2800000, 0x00000006b3000000, 0x00000006b3000000|100%| E|CS|TAMS 0x00000006b2800000| PB 0x00000006b2800000| Complete |  0
| 614|0x00000006b3000000, 0x00000006b3800000, 0x00000006b3800000|100%| E|CS|TAMS 0x00000006b3000000| PB 0x00000006b3000000| Complete |  0
| 615|0x00000006b3800000, 0x00000006b4000000, 0x00000006b4000000|100%| E|CS|TAMS 0x00000006b3800000| PB 0x00000006b3800000| Complete |  0
| 616|0x00000006b4000000, 0x00000006b4800000, 0x00000006b4800000|100%| E|CS|TAMS 0x00000006b4000000| PB 0x00000006b4000000| Complete |  0
| 617|0x00000006b4800000, 0x00000006b5000000, 0x00000006b5000000|100%| E|CS|TAMS 0x00000006b4800000| PB 0x00000006b4800000| Complete |  0
| 618|0x00000006b5000000, 0x00000006b5800000, 0x00000006b5800000|100%| E|CS|TAMS 0x00000006b5000000| PB 0x00000006b5000000| Complete |  0
| 619|0x00000006b5800000, 0x00000006b6000000, 0x00000006b6000000|100%| E|CS|TAMS 0x00000006b5800000| PB 0x00000006b5800000| Complete |  0
| 620|0x00000006b6000000, 0x00000006b6800000, 0x00000006b6800000|100%| E|CS|TAMS 0x00000006b6000000| PB 0x00000006b6000000| Complete |  0
| 621|0x00000006b6800000, 0x00000006b7000000, 0x00000006b7000000|100%| E|CS|TAMS 0x00000006b6800000| PB 0x00000006b6800000| Complete |  0
| 622|0x00000006b7000000, 0x00000006b7800000, 0x00000006b7800000|100%| E|CS|TAMS 0x00000006b7000000| PB 0x00000006b7000000| Complete |  0
| 623|0x00000006b7800000, 0x00000006b8000000, 0x00000006b8000000|100%| E|CS|TAMS 0x00000006b7800000| PB 0x00000006b7800000| Complete |  0
| 624|0x00000006b8000000, 0x00000006b8800000, 0x00000006b8800000|100%| E|CS|TAMS 0x00000006b8000000| PB 0x00000006b8000000| Complete |  0
| 625|0x00000006b8800000, 0x00000006b9000000, 0x00000006b9000000|100%| E|CS|TAMS 0x00000006b8800000| PB 0x00000006b8800000| Complete |  0
| 626|0x00000006b9000000, 0x00000006b9800000, 0x00000006b9800000|100%| E|CS|TAMS 0x00000006b9000000| PB 0x00000006b9000000| Complete |  0
| 627|0x00000006b9800000, 0x00000006ba000000, 0x00000006ba000000|100%| E|CS|TAMS 0x00000006b9800000| PB 0x00000006b9800000| Complete |  0
| 628|0x00000006ba000000, 0x00000006ba800000, 0x00000006ba800000|100%| E|CS|TAMS 0x00000006ba000000| PB 0x00000006ba000000| Complete |  0
| 629|0x00000006ba800000, 0x00000006bb000000, 0x00000006bb000000|100%| E|CS|TAMS 0x00000006ba800000| PB 0x00000006ba800000| Complete |  0
| 630|0x00000006bb000000, 0x00000006bb800000, 0x00000006bb800000|100%| E|CS|TAMS 0x00000006bb000000| PB 0x00000006bb000000| Complete |  0
| 631|0x00000006bb800000, 0x00000006bc000000, 0x00000006bc000000|100%| E|CS|TAMS 0x00000006bb800000| PB 0x00000006bb800000| Complete |  0
| 632|0x00000006bc000000, 0x00000006bc800000, 0x00000006bc800000|100%| E|CS|TAMS 0x00000006bc000000| PB 0x00000006bc000000| Complete |  0
| 633|0x00000006bc800000, 0x00000006bd000000, 0x00000006bd000000|100%| E|CS|TAMS 0x00000006bc800000| PB 0x00000006bc800000| Complete |  0
| 634|0x00000006bd000000, 0x00000006bd800000, 0x00000006bd800000|100%| E|CS|TAMS 0x00000006bd000000| PB 0x00000006bd000000| Complete |  0
| 635|0x00000006bd800000, 0x00000006be000000, 0x00000006be000000|100%| E|CS|TAMS 0x00000006bd800000| PB 0x00000006bd800000| Complete |  0
| 636|0x00000006be000000, 0x00000006be800000, 0x00000006be800000|100%| E|CS|TAMS 0x00000006be000000| PB 0x00000006be000000| Complete |  0
| 637|0x00000006be800000, 0x00000006bf000000, 0x00000006bf000000|100%| E|CS|TAMS 0x00000006be800000| PB 0x00000006be800000| Complete |  0
| 638|0x00000006bf000000, 0x00000006bf800000, 0x00000006bf800000|100%| E|CS|TAMS 0x00000006bf000000| PB 0x00000006bf000000| Complete |  0
| 639|0x00000006bf800000, 0x00000006c0000000, 0x00000006c0000000|100%| E|CS|TAMS 0x00000006bf800000| PB 0x00000006bf800000| Complete |  0
| 640|0x00000006c0000000, 0x00000006c0800000, 0x00000006c0800000|100%| E|CS|TAMS 0x00000006c0000000| PB 0x00000006c0000000| Complete |  0
| 641|0x00000006c0800000, 0x00000006c1000000, 0x00000006c1000000|100%| E|CS|TAMS 0x00000006c0800000| PB 0x00000006c0800000| Complete |  0
| 642|0x00000006c1000000, 0x00000006c1800000, 0x00000006c1800000|100%| E|CS|TAMS 0x00000006c1000000| PB 0x00000006c1000000| Complete |  0
| 643|0x00000006c1800000, 0x00000006c2000000, 0x00000006c2000000|100%| E|CS|TAMS 0x00000006c1800000| PB 0x00000006c1800000| Complete |  0
| 644|0x00000006c2000000, 0x00000006c2800000, 0x00000006c2800000|100%| E|CS|TAMS 0x00000006c2000000| PB 0x00000006c2000000| Complete |  0
| 645|0x00000006c2800000, 0x00000006c3000000, 0x00000006c3000000|100%| E|CS|TAMS 0x00000006c2800000| PB 0x00000006c2800000| Complete |  0
| 646|0x00000006c3000000, 0x00000006c3800000, 0x00000006c3800000|100%| E|CS|TAMS 0x00000006c3000000| PB 0x00000006c3000000| Complete |  0
| 647|0x00000006c3800000, 0x00000006c4000000, 0x00000006c4000000|100%| E|CS|TAMS 0x00000006c3800000| PB 0x00000006c3800000| Complete |  0
| 648|0x00000006c4000000, 0x00000006c4800000, 0x00000006c4800000|100%| E|CS|TAMS 0x00000006c4000000| PB 0x00000006c4000000| Complete |  0
| 649|0x00000006c4800000, 0x00000006c5000000, 0x00000006c5000000|100%| E|CS|TAMS 0x00000006c4800000| PB 0x00000006c4800000| Complete |  0
| 650|0x00000006c5000000, 0x00000006c5800000, 0x00000006c5800000|100%| E|CS|TAMS 0x00000006c5000000| PB 0x00000006c5000000| Complete |  0
| 651|0x00000006c5800000, 0x00000006c6000000, 0x00000006c6000000|100%| E|CS|TAMS 0x00000006c5800000| PB 0x00000006c5800000| Complete |  0
| 652|0x00000006c6000000, 0x00000006c6800000, 0x00000006c6800000|100%| E|CS|TAMS 0x00000006c6000000| PB 0x00000006c6000000| Complete |  0
| 653|0x00000006c6800000, 0x00000006c7000000, 0x00000006c7000000|100%| E|CS|TAMS 0x00000006c6800000| PB 0x00000006c6800000| Complete |  0
| 654|0x00000006c7000000, 0x00000006c7800000, 0x00000006c7800000|100%| E|CS|TAMS 0x00000006c7000000| PB 0x00000006c7000000| Complete |  0
| 655|0x00000006c7800000, 0x00000006c8000000, 0x00000006c8000000|100%| E|CS|TAMS 0x00000006c7800000| PB 0x00000006c7800000| Complete |  0
| 656|0x00000006c8000000, 0x00000006c8800000, 0x00000006c8800000|100%| E|CS|TAMS 0x00000006c8000000| PB 0x00000006c8000000| Complete |  0
| 657|0x00000006c8800000, 0x00000006c9000000, 0x00000006c9000000|100%| E|CS|TAMS 0x00000006c8800000| PB 0x00000006c8800000| Complete |  0
| 658|0x00000006c9000000, 0x00000006c9800000, 0x00000006c9800000|100%| E|CS|TAMS 0x00000006c9000000| PB 0x00000006c9000000| Complete |  0
| 659|0x00000006c9800000, 0x00000006ca000000, 0x00000006ca000000|100%| E|CS|TAMS 0x00000006c9800000| PB 0x00000006c9800000| Complete |  0
| 660|0x00000006ca000000, 0x00000006ca800000, 0x00000006ca800000|100%| E|CS|TAMS 0x00000006ca000000| PB 0x00000006ca000000| Complete |  0
| 661|0x00000006ca800000, 0x00000006cb000000, 0x00000006cb000000|100%| E|CS|TAMS 0x00000006ca800000| PB 0x00000006ca800000| Complete |  0
| 662|0x00000006cb000000, 0x00000006cb800000, 0x00000006cb800000|100%| E|CS|TAMS 0x00000006cb000000| PB 0x00000006cb000000| Complete |  0
| 663|0x00000006cb800000, 0x00000006cc000000, 0x00000006cc000000|100%| E|CS|TAMS 0x00000006cb800000| PB 0x00000006cb800000| Complete |  0
| 664|0x00000006cc000000, 0x00000006cc800000, 0x00000006cc800000|100%| E|CS|TAMS 0x00000006cc000000| PB 0x00000006cc000000| Complete |  0
| 665|0x00000006cc800000, 0x00000006cd000000, 0x00000006cd000000|100%| E|CS|TAMS 0x00000006cc800000| PB 0x00000006cc800000| Complete |  0
| 666|0x00000006cd000000, 0x00000006cd800000, 0x00000006cd800000|100%| E|CS|TAMS 0x00000006cd000000| PB 0x00000006cd000000| Complete |  0
| 667|0x00000006cd800000, 0x00000006ce000000, 0x00000006ce000000|100%| E|CS|TAMS 0x00000006cd800000| PB 0x00000006cd800000| Complete |  0
| 668|0x00000006ce000000, 0x00000006ce800000, 0x00000006ce800000|100%| E|CS|TAMS 0x00000006ce000000| PB 0x00000006ce000000| Complete |  0
| 669|0x00000006ce800000, 0x00000006cf000000, 0x00000006cf000000|100%| E|CS|TAMS 0x00000006ce800000| PB 0x00000006ce800000| Complete |  0
| 670|0x00000006cf000000, 0x00000006cf800000, 0x00000006cf800000|100%| E|CS|TAMS 0x00000006cf000000| PB 0x00000006cf000000| Complete |  0
| 671|0x00000006cf800000, 0x00000006d0000000, 0x00000006d0000000|100%| E|CS|TAMS 0x00000006cf800000| PB 0x00000006cf800000| Complete |  0
| 672|0x00000006d0000000, 0x00000006d0800000, 0x00000006d0800000|100%| E|CS|TAMS 0x00000006d0000000| PB 0x00000006d0000000| Complete |  0
| 673|0x00000006d0800000, 0x00000006d1000000, 0x00000006d1000000|100%| E|CS|TAMS 0x00000006d0800000| PB 0x00000006d0800000| Complete |  0
| 674|0x00000006d1000000, 0x00000006d1800000, 0x00000006d1800000|100%| E|CS|TAMS 0x00000006d1000000| PB 0x00000006d1000000| Complete |  0
| 675|0x00000006d1800000, 0x00000006d2000000, 0x00000006d2000000|100%| E|CS|TAMS 0x00000006d1800000| PB 0x00000006d1800000| Complete |  0
| 676|0x00000006d2000000, 0x00000006d2800000, 0x00000006d2800000|100%| E|CS|TAMS 0x00000006d2000000| PB 0x00000006d2000000| Complete |  0
| 677|0x00000006d2800000, 0x00000006d3000000, 0x00000006d3000000|100%| E|CS|TAMS 0x00000006d2800000| PB 0x00000006d2800000| Complete |  0
| 678|0x00000006d3000000, 0x00000006d3800000, 0x00000006d3800000|100%| E|CS|TAMS 0x00000006d3000000| PB 0x00000006d3000000| Complete |  0
| 679|0x00000006d3800000, 0x00000006d4000000, 0x00000006d4000000|100%| E|CS|TAMS 0x00000006d3800000| PB 0x00000006d3800000| Complete |  0
| 680|0x00000006d4000000, 0x00000006d4800000, 0x00000006d4800000|100%| E|CS|TAMS 0x00000006d4000000| PB 0x00000006d4000000| Complete |  0
| 681|0x00000006d4800000, 0x00000006d5000000, 0x00000006d5000000|100%| E|CS|TAMS 0x00000006d4800000| PB 0x00000006d4800000| Complete |  0
| 682|0x00000006d5000000, 0x00000006d5800000, 0x00000006d5800000|100%| E|CS|TAMS 0x00000006d5000000| PB 0x00000006d5000000| Complete |  0
| 683|0x00000006d5800000, 0x00000006d6000000, 0x00000006d6000000|100%| E|CS|TAMS 0x00000006d5800000| PB 0x00000006d5800000| Complete |  0
| 684|0x00000006d6000000, 0x00000006d6800000, 0x00000006d6800000|100%| E|CS|TAMS 0x00000006d6000000| PB 0x00000006d6000000| Complete |  0
| 685|0x00000006d6800000, 0x00000006d7000000, 0x00000006d7000000|100%| E|CS|TAMS 0x00000006d6800000| PB 0x00000006d6800000| Complete |  0
| 686|0x00000006d7000000, 0x00000006d7800000, 0x00000006d7800000|100%| E|CS|TAMS 0x00000006d7000000| PB 0x00000006d7000000| Complete |  0
| 687|0x00000006d7800000, 0x00000006d8000000, 0x00000006d8000000|100%| E|CS|TAMS 0x00000006d7800000| PB 0x00000006d7800000| Complete |  0
| 688|0x00000006d8000000, 0x00000006d8800000, 0x00000006d8800000|100%| E|CS|TAMS 0x00000006d8000000| PB 0x00000006d8000000| Complete |  0
| 689|0x00000006d8800000, 0x00000006d9000000, 0x00000006d9000000|100%| E|CS|TAMS 0x00000006d8800000| PB 0x00000006d8800000| Complete |  0
| 690|0x00000006d9000000, 0x00000006d9800000, 0x00000006d9800000|100%| E|CS|TAMS 0x00000006d9000000| PB 0x00000006d9000000| Complete |  0
| 691|0x00000006d9800000, 0x00000006da000000, 0x00000006da000000|100%| E|CS|TAMS 0x00000006d9800000| PB 0x00000006d9800000| Complete |  0
| 692|0x00000006da000000, 0x00000006da800000, 0x00000006da800000|100%| E|CS|TAMS 0x00000006da000000| PB 0x00000006da000000| Complete |  0
| 693|0x00000006da800000, 0x00000006db000000, 0x00000006db000000|100%| E|CS|TAMS 0x00000006da800000| PB 0x00000006da800000| Complete |  0
| 694|0x00000006db000000, 0x00000006db800000, 0x00000006db800000|100%| E|CS|TAMS 0x00000006db000000| PB 0x00000006db000000| Complete |  0
| 695|0x00000006db800000, 0x00000006dc000000, 0x00000006dc000000|100%| E|CS|TAMS 0x00000006db800000| PB 0x00000006db800000| Complete |  0
| 696|0x00000006dc000000, 0x00000006dc800000, 0x00000006dc800000|100%| E|CS|TAMS 0x00000006dc000000| PB 0x00000006dc000000| Complete |  0
| 697|0x00000006dc800000, 0x00000006dd000000, 0x00000006dd000000|100%| E|CS|TAMS 0x00000006dc800000| PB 0x00000006dc800000| Complete |  0
| 698|0x00000006dd000000, 0x00000006dd800000, 0x00000006dd800000|100%| E|CS|TAMS 0x00000006dd000000| PB 0x00000006dd000000| Complete |  0
| 699|0x00000006dd800000, 0x00000006de000000, 0x00000006de000000|100%| E|CS|TAMS 0x00000006dd800000| PB 0x00000006dd800000| Complete |  0
| 700|0x00000006de000000, 0x00000006de800000, 0x00000006de800000|100%| E|CS|TAMS 0x00000006de000000| PB 0x00000006de000000| Complete |  0
| 701|0x00000006de800000, 0x00000006df000000, 0x00000006df000000|100%| E|CS|TAMS 0x00000006de800000| PB 0x00000006de800000| Complete |  0
| 702|0x00000006df000000, 0x00000006df800000, 0x00000006df800000|100%| E|CS|TAMS 0x00000006df000000| PB 0x00000006df000000| Complete |  0
| 703|0x00000006df800000, 0x00000006e0000000, 0x00000006e0000000|100%| E|CS|TAMS 0x00000006df800000| PB 0x00000006df800000| Complete |  0
| 704|0x00000006e0000000, 0x00000006e0800000, 0x00000006e0800000|100%| E|CS|TAMS 0x00000006e0000000| PB 0x00000006e0000000| Complete |  0
| 705|0x00000006e0800000, 0x00000006e1000000, 0x00000006e1000000|100%| E|CS|TAMS 0x00000006e0800000| PB 0x00000006e0800000| Complete |  0
| 706|0x00000006e1000000, 0x00000006e1800000, 0x00000006e1800000|100%| E|CS|TAMS 0x00000006e1000000| PB 0x00000006e1000000| Complete |  0
| 707|0x00000006e1800000, 0x00000006e2000000, 0x00000006e2000000|100%| E|CS|TAMS 0x00000006e1800000| PB 0x00000006e1800000| Complete |  0
| 708|0x00000006e2000000, 0x00000006e2800000, 0x00000006e2800000|100%| E|CS|TAMS 0x00000006e2000000| PB 0x00000006e2000000| Complete |  0
| 709|0x00000006e2800000, 0x00000006e3000000, 0x00000006e3000000|100%| E|CS|TAMS 0x00000006e2800000| PB 0x00000006e2800000| Complete |  0
| 710|0x00000006e3000000, 0x00000006e3800000, 0x00000006e3800000|100%| E|CS|TAMS 0x00000006e3000000| PB 0x00000006e3000000| Complete |  0
| 711|0x00000006e3800000, 0x00000006e4000000, 0x00000006e4000000|100%| E|CS|TAMS 0x00000006e3800000| PB 0x00000006e3800000| Complete |  0
| 712|0x00000006e4000000, 0x00000006e4800000, 0x00000006e4800000|100%| E|CS|TAMS 0x00000006e4000000| PB 0x00000006e4000000| Complete |  0
| 713|0x00000006e4800000, 0x00000006e5000000, 0x00000006e5000000|100%| E|CS|TAMS 0x00000006e4800000| PB 0x00000006e4800000| Complete |  0
| 714|0x00000006e5000000, 0x00000006e5800000, 0x00000006e5800000|100%| E|CS|TAMS 0x00000006e5000000| PB 0x00000006e5000000| Complete |  0
| 715|0x00000006e5800000, 0x00000006e6000000, 0x00000006e6000000|100%| E|CS|TAMS 0x00000006e5800000| PB 0x00000006e5800000| Complete |  0
| 716|0x00000006e6000000, 0x00000006e6800000, 0x00000006e6800000|100%| E|CS|TAMS 0x00000006e6000000| PB 0x00000006e6000000| Complete |  0
| 717|0x00000006e6800000, 0x00000006e7000000, 0x00000006e7000000|100%| E|CS|TAMS 0x00000006e6800000| PB 0x00000006e6800000| Complete |  0
| 718|0x00000006e7000000, 0x00000006e7800000, 0x00000006e7800000|100%| E|CS|TAMS 0x00000006e7000000| PB 0x00000006e7000000| Complete |  0
| 719|0x00000006e7800000, 0x00000006e8000000, 0x00000006e8000000|100%| E|CS|TAMS 0x00000006e7800000| PB 0x00000006e7800000| Complete |  0
| 720|0x00000006e8000000, 0x00000006e8800000, 0x00000006e8800000|100%| E|CS|TAMS 0x00000006e8000000| PB 0x00000006e8000000| Complete |  0
| 721|0x00000006e8800000, 0x00000006e9000000, 0x00000006e9000000|100%| E|CS|TAMS 0x00000006e8800000| PB 0x00000006e8800000| Complete |  0
| 722|0x00000006e9000000, 0x00000006e9800000, 0x00000006e9800000|100%| E|CS|TAMS 0x00000006e9000000| PB 0x00000006e9000000| Complete |  0
| 723|0x00000006e9800000, 0x00000006ea000000, 0x00000006ea000000|100%| E|CS|TAMS 0x00000006e9800000| PB 0x00000006e9800000| Complete |  0
| 724|0x00000006ea000000, 0x00000006ea800000, 0x00000006ea800000|100%| E|CS|TAMS 0x00000006ea000000| PB 0x00000006ea000000| Complete |  0
| 725|0x00000006ea800000, 0x00000006eb000000, 0x00000006eb000000|100%| E|CS|TAMS 0x00000006ea800000| PB 0x00000006ea800000| Complete |  0
| 726|0x00000006eb000000, 0x00000006eb800000, 0x00000006eb800000|100%| E|CS|TAMS 0x00000006eb000000| PB 0x00000006eb000000| Complete |  0
| 727|0x00000006eb800000, 0x00000006ec000000, 0x00000006ec000000|100%| E|CS|TAMS 0x00000006eb800000| PB 0x00000006eb800000| Complete |  0
| 728|0x00000006ec000000, 0x00000006ec800000, 0x00000006ec800000|100%| E|CS|TAMS 0x00000006ec000000| PB 0x00000006ec000000| Complete |  0
| 729|0x00000006ec800000, 0x00000006ed000000, 0x00000006ed000000|100%| E|CS|TAMS 0x00000006ec800000| PB 0x00000006ec800000| Complete |  0
| 730|0x00000006ed000000, 0x00000006ed800000, 0x00000006ed800000|100%| E|CS|TAMS 0x00000006ed000000| PB 0x00000006ed000000| Complete |  0
| 731|0x00000006ed800000, 0x00000006ee000000, 0x00000006ee000000|100%| E|CS|TAMS 0x00000006ed800000| PB 0x00000006ed800000| Complete |  0
| 732|0x00000006ee000000, 0x00000006ee800000, 0x00000006ee800000|100%| E|CS|TAMS 0x00000006ee000000| PB 0x00000006ee000000| Complete |  0
| 733|0x00000006ee800000, 0x00000006ef000000, 0x00000006ef000000|100%| E|CS|TAMS 0x00000006ee800000| PB 0x00000006ee800000| Complete |  0
| 734|0x00000006ef000000, 0x00000006ef800000, 0x00000006ef800000|100%| E|CS|TAMS 0x00000006ef000000| PB 0x00000006ef000000| Complete |  0
| 735|0x00000006ef800000, 0x00000006f0000000, 0x00000006f0000000|100%| E|CS|TAMS 0x00000006ef800000| PB 0x00000006ef800000| Complete |  0
| 736|0x00000006f0000000, 0x00000006f0800000, 0x00000006f0800000|100%| E|CS|TAMS 0x00000006f0000000| PB 0x00000006f0000000| Complete |  0
| 737|0x00000006f0800000, 0x00000006f1000000, 0x00000006f1000000|100%| E|CS|TAMS 0x00000006f0800000| PB 0x00000006f0800000| Complete |  0
| 738|0x00000006f1000000, 0x00000006f1800000, 0x00000006f1800000|100%| E|CS|TAMS 0x00000006f1000000| PB 0x00000006f1000000| Complete |  0
| 739|0x00000006f1800000, 0x00000006f2000000, 0x00000006f2000000|100%| E|CS|TAMS 0x00000006f1800000| PB 0x00000006f1800000| Complete |  0
| 740|0x00000006f2000000, 0x00000006f2800000, 0x00000006f2800000|100%| E|CS|TAMS 0x00000006f2000000| PB 0x00000006f2000000| Complete |  0
| 741|0x00000006f2800000, 0x00000006f3000000, 0x00000006f3000000|100%| E|CS|TAMS 0x00000006f2800000| PB 0x00000006f2800000| Complete |  0
| 742|0x00000006f3000000, 0x00000006f3800000, 0x00000006f3800000|100%| E|CS|TAMS 0x00000006f3000000| PB 0x00000006f3000000| Complete |  0
| 743|0x00000006f3800000, 0x00000006f4000000, 0x00000006f4000000|100%| E|CS|TAMS 0x00000006f3800000| PB 0x00000006f3800000| Complete |  0
| 744|0x00000006f4000000, 0x00000006f4800000, 0x00000006f4800000|100%| E|CS|TAMS 0x00000006f4000000| PB 0x00000006f4000000| Complete |  0
| 745|0x00000006f4800000, 0x00000006f5000000, 0x00000006f5000000|100%| E|CS|TAMS 0x00000006f4800000| PB 0x00000006f4800000| Complete |  0
| 746|0x00000006f5000000, 0x00000006f5800000, 0x00000006f5800000|100%| E|CS|TAMS 0x00000006f5000000| PB 0x00000006f5000000| Complete |  0
| 747|0x00000006f5800000, 0x00000006f6000000, 0x00000006f6000000|100%| E|CS|TAMS 0x00000006f5800000| PB 0x00000006f5800000| Complete |  0
| 748|0x00000006f6000000, 0x00000006f6800000, 0x00000006f6800000|100%| E|CS|TAMS 0x00000006f6000000| PB 0x00000006f6000000| Complete |  0
| 749|0x00000006f6800000, 0x00000006f7000000, 0x00000006f7000000|100%| E|CS|TAMS 0x00000006f6800000| PB 0x00000006f6800000| Complete |  0
| 750|0x00000006f7000000, 0x00000006f7800000, 0x00000006f7800000|100%| E|CS|TAMS 0x00000006f7000000| PB 0x00000006f7000000| Complete |  0
| 751|0x00000006f7800000, 0x00000006f8000000, 0x00000006f8000000|100%| E|CS|TAMS 0x00000006f7800000| PB 0x00000006f7800000| Complete |  0
| 752|0x00000006f8000000, 0x00000006f8800000, 0x00000006f8800000|100%| E|CS|TAMS 0x00000006f8000000| PB 0x00000006f8000000| Complete |  0
| 753|0x00000006f8800000, 0x00000006f9000000, 0x00000006f9000000|100%| E|CS|TAMS 0x00000006f8800000| PB 0x00000006f8800000| Complete |  0
| 754|0x00000006f9000000, 0x00000006f9800000, 0x00000006f9800000|100%| E|CS|TAMS 0x00000006f9000000| PB 0x00000006f9000000| Complete |  0
| 755|0x00000006f9800000, 0x00000006fa000000, 0x00000006fa000000|100%| E|CS|TAMS 0x00000006f9800000| PB 0x00000006f9800000| Complete |  0
| 756|0x00000006fa000000, 0x00000006fa800000, 0x00000006fa800000|100%| E|CS|TAMS 0x00000006fa000000| PB 0x00000006fa000000| Complete |  0
| 757|0x00000006fa800000, 0x00000006fb000000, 0x00000006fb000000|100%| E|CS|TAMS 0x00000006fa800000| PB 0x00000006fa800000| Complete |  0
| 758|0x00000006fb000000, 0x00000006fb800000, 0x00000006fb800000|100%| E|CS|TAMS 0x00000006fb000000| PB 0x00000006fb000000| Complete |  0
| 759|0x00000006fb800000, 0x00000006fc000000, 0x00000006fc000000|100%| E|CS|TAMS 0x00000006fb800000| PB 0x00000006fb800000| Complete |  0
| 760|0x00000006fc000000, 0x00000006fc800000, 0x00000006fc800000|100%| E|CS|TAMS 0x00000006fc000000| PB 0x00000006fc000000| Complete |  0
| 761|0x00000006fc800000, 0x00000006fd000000, 0x00000006fd000000|100%| E|CS|TAMS 0x00000006fc800000| PB 0x00000006fc800000| Complete |  0
| 762|0x00000006fd000000, 0x00000006fd800000, 0x00000006fd800000|100%| E|CS|TAMS 0x00000006fd000000| PB 0x00000006fd000000| Complete |  0
| 763|0x00000006fd800000, 0x00000006fe000000, 0x00000006fe000000|100%| E|CS|TAMS 0x00000006fd800000| PB 0x00000006fd800000| Complete |  0
| 764|0x00000006fe000000, 0x00000006fe800000, 0x00000006fe800000|100%| E|CS|TAMS 0x00000006fe000000| PB 0x00000006fe000000| Complete |  0
| 765|0x00000006fe800000, 0x00000006ff000000, 0x00000006ff000000|100%| E|CS|TAMS 0x00000006fe800000| PB 0x00000006fe800000| Complete |  0
| 766|0x00000006ff000000, 0x00000006ff800000, 0x00000006ff800000|100%| E|CS|TAMS 0x00000006ff000000| PB 0x00000006ff000000| Complete |  0
| 767|0x00000006ff800000, 0x0000000700000000, 0x0000000700000000|100%| E|CS|TAMS 0x00000006ff800000| PB 0x00000006ff800000| Complete |  0
| 768|0x0000000700000000, 0x0000000700800000, 0x0000000700800000|100%| E|CS|TAMS 0x0000000700000000| PB 0x0000000700000000| Complete |  0
| 769|0x0000000700800000, 0x0000000701000000, 0x0000000701000000|100%| E|CS|TAMS 0x0000000700800000| PB 0x0000000700800000| Complete |  0
| 770|0x0000000701000000, 0x0000000701800000, 0x0000000701800000|100%| E|CS|TAMS 0x0000000701000000| PB 0x0000000701000000| Complete |  0
| 771|0x0000000701800000, 0x0000000702000000, 0x0000000702000000|100%| E|CS|TAMS 0x0000000701800000| PB 0x0000000701800000| Complete |  0
| 772|0x0000000702000000, 0x0000000702800000, 0x0000000702800000|100%| E|CS|TAMS 0x0000000702000000| PB 0x0000000702000000| Complete |  0
| 773|0x0000000702800000, 0x0000000703000000, 0x0000000703000000|100%| E|CS|TAMS 0x0000000702800000| PB 0x0000000702800000| Complete |  0
| 774|0x0000000703000000, 0x0000000703800000, 0x0000000703800000|100%| E|CS|TAMS 0x0000000703000000| PB 0x0000000703000000| Complete |  0
| 775|0x0000000703800000, 0x0000000704000000, 0x0000000704000000|100%| E|CS|TAMS 0x0000000703800000| PB 0x0000000703800000| Complete |  0
| 776|0x0000000704000000, 0x0000000704800000, 0x0000000704800000|100%| E|CS|TAMS 0x0000000704000000| PB 0x0000000704000000| Complete |  0
| 777|0x0000000704800000, 0x0000000705000000, 0x0000000705000000|100%| E|CS|TAMS 0x0000000704800000| PB 0x0000000704800000| Complete |  0
| 778|0x0000000705000000, 0x0000000705800000, 0x0000000705800000|100%| E|CS|TAMS 0x0000000705000000| PB 0x0000000705000000| Complete |  0
| 779|0x0000000705800000, 0x0000000706000000, 0x0000000706000000|100%| E|CS|TAMS 0x0000000705800000| PB 0x0000000705800000| Complete |  0
| 780|0x0000000706000000, 0x0000000706800000, 0x0000000706800000|100%| E|CS|TAMS 0x0000000706000000| PB 0x0000000706000000| Complete |  0
| 781|0x0000000706800000, 0x0000000707000000, 0x0000000707000000|100%| E|CS|TAMS 0x0000000706800000| PB 0x0000000706800000| Complete |  0
| 782|0x0000000707000000, 0x0000000707800000, 0x0000000707800000|100%| E|CS|TAMS 0x0000000707000000| PB 0x0000000707000000| Complete |  0
| 783|0x0000000707800000, 0x0000000708000000, 0x0000000708000000|100%| E|CS|TAMS 0x0000000707800000| PB 0x0000000707800000| Complete |  0
| 784|0x0000000708000000, 0x0000000708800000, 0x0000000708800000|100%| E|CS|TAMS 0x0000000708000000| PB 0x0000000708000000| Complete |  0
| 785|0x0000000708800000, 0x0000000709000000, 0x0000000709000000|100%| E|CS|TAMS 0x0000000708800000| PB 0x0000000708800000| Complete |  0
| 786|0x0000000709000000, 0x0000000709800000, 0x0000000709800000|100%| E|CS|TAMS 0x0000000709000000| PB 0x0000000709000000| Complete |  0
| 787|0x0000000709800000, 0x000000070a000000, 0x000000070a000000|100%| E|CS|TAMS 0x0000000709800000| PB 0x0000000709800000| Complete |  0
| 788|0x000000070a000000, 0x000000070a800000, 0x000000070a800000|100%| E|CS|TAMS 0x000000070a000000| PB 0x000000070a000000| Complete |  0
| 789|0x000000070a800000, 0x000000070b000000, 0x000000070b000000|100%| E|CS|TAMS 0x000000070a800000| PB 0x000000070a800000| Complete |  0
| 790|0x000000070b000000, 0x000000070b800000, 0x000000070b800000|100%| E|CS|TAMS 0x000000070b000000| PB 0x000000070b000000| Complete |  0
| 791|0x000000070b800000, 0x000000070c000000, 0x000000070c000000|100%| E|CS|TAMS 0x000000070b800000| PB 0x000000070b800000| Complete |  0
| 792|0x000000070c000000, 0x000000070c800000, 0x000000070c800000|100%| E|CS|TAMS 0x000000070c000000| PB 0x000000070c000000| Complete |  0
| 793|0x000000070c800000, 0x000000070d000000, 0x000000070d000000|100%| E|CS|TAMS 0x000000070c800000| PB 0x000000070c800000| Complete |  0
| 794|0x000000070d000000, 0x000000070d800000, 0x000000070d800000|100%| E|CS|TAMS 0x000000070d000000| PB 0x000000070d000000| Complete |  0
| 795|0x000000070d800000, 0x000000070e000000, 0x000000070e000000|100%| E|CS|TAMS 0x000000070d800000| PB 0x000000070d800000| Complete |  0
| 796|0x000000070e000000, 0x000000070e800000, 0x000000070e800000|100%| E|CS|TAMS 0x000000070e000000| PB 0x000000070e000000| Complete |  0
| 797|0x000000070e800000, 0x000000070f000000, 0x000000070f000000|100%| E|CS|TAMS 0x000000070e800000| PB 0x000000070e800000| Complete |  0
| 798|0x000000070f000000, 0x000000070f800000, 0x000000070f800000|100%| E|CS|TAMS 0x000000070f000000| PB 0x000000070f000000| Complete |  0
| 799|0x000000070f800000, 0x0000000710000000, 0x0000000710000000|100%| E|CS|TAMS 0x000000070f800000| PB 0x000000070f800000| Complete |  0
| 800|0x0000000710000000, 0x0000000710800000, 0x0000000710800000|100%| E|CS|TAMS 0x0000000710000000| PB 0x0000000710000000| Complete |  0
| 801|0x0000000710800000, 0x0000000711000000, 0x0000000711000000|100%| E|CS|TAMS 0x0000000710800000| PB 0x0000000710800000| Complete |  0
| 802|0x0000000711000000, 0x0000000711800000, 0x0000000711800000|100%| E|CS|TAMS 0x0000000711000000| PB 0x0000000711000000| Complete |  0
| 803|0x0000000711800000, 0x0000000712000000, 0x0000000712000000|100%| E|CS|TAMS 0x0000000711800000| PB 0x0000000711800000| Complete |  0
| 804|0x0000000712000000, 0x0000000712800000, 0x0000000712800000|100%| E|CS|TAMS 0x0000000712000000| PB 0x0000000712000000| Complete |  0
| 805|0x0000000712800000, 0x0000000713000000, 0x0000000713000000|100%| E|CS|TAMS 0x0000000712800000| PB 0x0000000712800000| Complete |  0
| 806|0x0000000713000000, 0x0000000713800000, 0x0000000713800000|100%| E|CS|TAMS 0x0000000713000000| PB 0x0000000713000000| Complete |  0
| 807|0x0000000713800000, 0x0000000714000000, 0x0000000714000000|100%| E|CS|TAMS 0x0000000713800000| PB 0x0000000713800000| Complete |  0
| 808|0x0000000714000000, 0x0000000714800000, 0x0000000714800000|100%| E|CS|TAMS 0x0000000714000000| PB 0x0000000714000000| Complete |  0
| 809|0x0000000714800000, 0x0000000715000000, 0x0000000715000000|100%| E|CS|TAMS 0x0000000714800000| PB 0x0000000714800000| Complete |  0
| 810|0x0000000715000000, 0x0000000715800000, 0x0000000715800000|100%| E|CS|TAMS 0x0000000715000000| PB 0x0000000715000000| Complete |  0
| 811|0x0000000715800000, 0x0000000716000000, 0x0000000716000000|100%| E|CS|TAMS 0x0000000715800000| PB 0x0000000715800000| Complete |  0
| 812|0x0000000716000000, 0x0000000716800000, 0x0000000716800000|100%| E|CS|TAMS 0x0000000716000000| PB 0x0000000716000000| Complete |  0
| 813|0x0000000716800000, 0x0000000717000000, 0x0000000717000000|100%| E|CS|TAMS 0x0000000716800000| PB 0x0000000716800000| Complete |  0
| 814|0x0000000717000000, 0x0000000717800000, 0x0000000717800000|100%| E|CS|TAMS 0x0000000717000000| PB 0x0000000717000000| Complete |  0
| 815|0x0000000717800000, 0x0000000718000000, 0x0000000718000000|100%| E|CS|TAMS 0x0000000717800000| PB 0x0000000717800000| Complete |  0
| 816|0x0000000718000000, 0x0000000718800000, 0x0000000718800000|100%| E|CS|TAMS 0x0000000718000000| PB 0x0000000718000000| Complete |  0
| 817|0x0000000718800000, 0x0000000719000000, 0x0000000719000000|100%| E|CS|TAMS 0x0000000718800000| PB 0x0000000718800000| Complete |  0
| 818|0x0000000719000000, 0x0000000719800000, 0x0000000719800000|100%| E|CS|TAMS 0x0000000719000000| PB 0x0000000719000000| Complete |  0
| 819|0x0000000719800000, 0x000000071a000000, 0x000000071a000000|100%| E|CS|TAMS 0x0000000719800000| PB 0x0000000719800000| Complete |  0
| 820|0x000000071a000000, 0x000000071a800000, 0x000000071a800000|100%| E|CS|TAMS 0x000000071a000000| PB 0x000000071a000000| Complete |  0
| 821|0x000000071a800000, 0x000000071b000000, 0x000000071b000000|100%| E|CS|TAMS 0x000000071a800000| PB 0x000000071a800000| Complete |  0
| 822|0x000000071b000000, 0x000000071b800000, 0x000000071b800000|100%| E|CS|TAMS 0x000000071b000000| PB 0x000000071b000000| Complete |  0
| 823|0x000000071b800000, 0x000000071c000000, 0x000000071c000000|100%| E|CS|TAMS 0x000000071b800000| PB 0x000000071b800000| Complete |  0
| 824|0x000000071c000000, 0x000000071c800000, 0x000000071c800000|100%| E|CS|TAMS 0x000000071c000000| PB 0x000000071c000000| Complete |  0
| 825|0x000000071c800000, 0x000000071d000000, 0x000000071d000000|100%| E|CS|TAMS 0x000000071c800000| PB 0x000000071c800000| Complete |  0
| 826|0x000000071d000000, 0x000000071d800000, 0x000000071d800000|100%| E|CS|TAMS 0x000000071d000000| PB 0x000000071d000000| Complete |  0
| 827|0x000000071d800000, 0x000000071e000000, 0x000000071e000000|100%| E|CS|TAMS 0x000000071d800000| PB 0x000000071d800000| Complete |  0
| 828|0x000000071e000000, 0x000000071e800000, 0x000000071e800000|100%| E|CS|TAMS 0x000000071e000000| PB 0x000000071e000000| Complete |  0
| 829|0x000000071e800000, 0x000000071f000000, 0x000000071f000000|100%| E|CS|TAMS 0x000000071e800000| PB 0x000000071e800000| Complete |  0
| 830|0x000000071f000000, 0x000000071f800000, 0x000000071f800000|100%| E|CS|TAMS 0x000000071f000000| PB 0x000000071f000000| Complete |  0
| 831|0x000000071f800000, 0x0000000720000000, 0x0000000720000000|100%| E|CS|TAMS 0x000000071f800000| PB 0x000000071f800000| Complete |  0
| 832|0x0000000720000000, 0x0000000720800000, 0x0000000720800000|100%| E|CS|TAMS 0x0000000720000000| PB 0x0000000720000000| Complete |  0
| 833|0x0000000720800000, 0x0000000721000000, 0x0000000721000000|100%| E|CS|TAMS 0x0000000720800000| PB 0x0000000720800000| Complete |  0
| 834|0x0000000721000000, 0x0000000721800000, 0x0000000721800000|100%| E|CS|TAMS 0x0000000721000000| PB 0x0000000721000000| Complete |  0
| 835|0x0000000721800000, 0x0000000722000000, 0x0000000722000000|100%| E|CS|TAMS 0x0000000721800000| PB 0x0000000721800000| Complete |  0
| 836|0x0000000722000000, 0x0000000722800000, 0x0000000722800000|100%| E|CS|TAMS 0x0000000722000000| PB 0x0000000722000000| Complete |  0
| 837|0x0000000722800000, 0x0000000723000000, 0x0000000723000000|100%| E|CS|TAMS 0x0000000722800000| PB 0x0000000722800000| Complete |  0
| 838|0x0000000723000000, 0x0000000723800000, 0x0000000723800000|100%| E|CS|TAMS 0x0000000723000000| PB 0x0000000723000000| Complete |  0
| 839|0x0000000723800000, 0x0000000724000000, 0x0000000724000000|100%| E|CS|TAMS 0x0000000723800000| PB 0x0000000723800000| Complete |  0
| 840|0x0000000724000000, 0x0000000724800000, 0x0000000724800000|100%| E|CS|TAMS 0x0000000724000000| PB 0x0000000724000000| Complete |  0
| 841|0x0000000724800000, 0x0000000725000000, 0x0000000725000000|100%| E|CS|TAMS 0x0000000724800000| PB 0x0000000724800000| Complete |  0
| 842|0x0000000725000000, 0x0000000725800000, 0x0000000725800000|100%| E|CS|TAMS 0x0000000725000000| PB 0x0000000725000000| Complete |  0
| 843|0x0000000725800000, 0x0000000726000000, 0x0000000726000000|100%| E|CS|TAMS 0x0000000725800000| PB 0x0000000725800000| Complete |  0
| 844|0x0000000726000000, 0x0000000726800000, 0x0000000726800000|100%| E|CS|TAMS 0x0000000726000000| PB 0x0000000726000000| Complete |  0
| 845|0x0000000726800000, 0x0000000727000000, 0x0000000727000000|100%| E|CS|TAMS 0x0000000726800000| PB 0x0000000726800000| Complete |  0
| 846|0x0000000727000000, 0x0000000727800000, 0x0000000727800000|100%| E|CS|TAMS 0x0000000727000000| PB 0x0000000727000000| Complete |  0
| 847|0x0000000727800000, 0x0000000728000000, 0x0000000728000000|100%| E|CS|TAMS 0x0000000727800000| PB 0x0000000727800000| Complete |  0
| 848|0x0000000728000000, 0x0000000728800000, 0x0000000728800000|100%| E|CS|TAMS 0x0000000728000000| PB 0x0000000728000000| Complete |  0
| 849|0x0000000728800000, 0x0000000729000000, 0x0000000729000000|100%| E|CS|TAMS 0x0000000728800000| PB 0x0000000728800000| Complete |  0
| 850|0x0000000729000000, 0x0000000729800000, 0x0000000729800000|100%| E|CS|TAMS 0x0000000729000000| PB 0x0000000729000000| Complete |  0
| 851|0x0000000729800000, 0x000000072a000000, 0x000000072a000000|100%| E|CS|TAMS 0x0000000729800000| PB 0x0000000729800000| Complete |  0
| 852|0x000000072a000000, 0x000000072a800000, 0x000000072a800000|100%| E|CS|TAMS 0x000000072a000000| PB 0x000000072a000000| Complete |  0
| 853|0x000000072a800000, 0x000000072b000000, 0x000000072b000000|100%| E|CS|TAMS 0x000000072a800000| PB 0x000000072a800000| Complete |  0
| 854|0x000000072b000000, 0x000000072b800000, 0x000000072b800000|100%| E|CS|TAMS 0x000000072b000000| PB 0x000000072b000000| Complete |  0
| 855|0x000000072b800000, 0x000000072c000000, 0x000000072c000000|100%| E|CS|TAMS 0x000000072b800000| PB 0x000000072b800000| Complete |  0
| 856|0x000000072c000000, 0x000000072c800000, 0x000000072c800000|100%| E|CS|TAMS 0x000000072c000000| PB 0x000000072c000000| Complete |  0
| 857|0x000000072c800000, 0x000000072d000000, 0x000000072d000000|100%| E|CS|TAMS 0x000000072c800000| PB 0x000000072c800000| Complete |  0
| 858|0x000000072d000000, 0x000000072d800000, 0x000000072d800000|100%| E|CS|TAMS 0x000000072d000000| PB 0x000000072d000000| Complete |  0
| 859|0x000000072d800000, 0x000000072e000000, 0x000000072e000000|100%| E|CS|TAMS 0x000000072d800000| PB 0x000000072d800000| Complete |  0
| 860|0x000000072e000000, 0x000000072e800000, 0x000000072e800000|100%| E|CS|TAMS 0x000000072e000000| PB 0x000000072e000000| Complete |  0
| 861|0x000000072e800000, 0x000000072f000000, 0x000000072f000000|100%| E|CS|TAMS 0x000000072e800000| PB 0x000000072e800000| Complete |  0
| 862|0x000000072f000000, 0x000000072f800000, 0x000000072f800000|100%| E|CS|TAMS 0x000000072f000000| PB 0x000000072f000000| Complete |  0
| 863|0x000000072f800000, 0x0000000730000000, 0x0000000730000000|100%| E|CS|TAMS 0x000000072f800000| PB 0x000000072f800000| Complete |  0
| 864|0x0000000730000000, 0x0000000730800000, 0x0000000730800000|100%| E|CS|TAMS 0x0000000730000000| PB 0x0000000730000000| Complete |  0
| 865|0x0000000730800000, 0x0000000731000000, 0x0000000731000000|100%| E|CS|TAMS 0x0000000730800000| PB 0x0000000730800000| Complete |  0
| 866|0x0000000731000000, 0x0000000731800000, 0x0000000731800000|100%| E|CS|TAMS 0x0000000731000000| PB 0x0000000731000000| Complete |  0
| 867|0x0000000731800000, 0x0000000732000000, 0x0000000732000000|100%| E|CS|TAMS 0x0000000731800000| PB 0x0000000731800000| Complete |  0
| 868|0x0000000732000000, 0x0000000732800000, 0x0000000732800000|100%| E|CS|TAMS 0x0000000732000000| PB 0x0000000732000000| Complete |  0
| 869|0x0000000732800000, 0x0000000733000000, 0x0000000733000000|100%| E|CS|TAMS 0x0000000732800000| PB 0x0000000732800000| Complete |  0
| 870|0x0000000733000000, 0x0000000733800000, 0x0000000733800000|100%| E|CS|TAMS 0x0000000733000000| PB 0x0000000733000000| Complete |  0
| 871|0x0000000733800000, 0x0000000734000000, 0x0000000734000000|100%| E|CS|TAMS 0x0000000733800000| PB 0x0000000733800000| Complete |  0
| 872|0x0000000734000000, 0x0000000734800000, 0x0000000734800000|100%| E|CS|TAMS 0x0000000734000000| PB 0x0000000734000000| Complete |  0
| 873|0x0000000734800000, 0x0000000735000000, 0x0000000735000000|100%| E|CS|TAMS 0x0000000734800000| PB 0x0000000734800000| Complete |  0
| 874|0x0000000735000000, 0x0000000735800000, 0x0000000735800000|100%| E|CS|TAMS 0x0000000735000000| PB 0x0000000735000000| Complete |  0
| 875|0x0000000735800000, 0x0000000736000000, 0x0000000736000000|100%| E|CS|TAMS 0x0000000735800000| PB 0x0000000735800000| Complete |  0
| 876|0x0000000736000000, 0x0000000736800000, 0x0000000736800000|100%| E|CS|TAMS 0x0000000736000000| PB 0x0000000736000000| Complete |  0
| 877|0x0000000736800000, 0x0000000737000000, 0x0000000737000000|100%| E|CS|TAMS 0x0000000736800000| PB 0x0000000736800000| Complete |  0
| 878|0x0000000737000000, 0x0000000737800000, 0x0000000737800000|100%| E|CS|TAMS 0x0000000737000000| PB 0x0000000737000000| Complete |  0
| 879|0x0000000737800000, 0x0000000738000000, 0x0000000738000000|100%| E|CS|TAMS 0x0000000737800000| PB 0x0000000737800000| Complete |  0
| 880|0x0000000738000000, 0x0000000738800000, 0x0000000738800000|100%| E|CS|TAMS 0x0000000738000000| PB 0x0000000738000000| Complete |  0
| 881|0x0000000738800000, 0x0000000739000000, 0x0000000739000000|100%| E|CS|TAMS 0x0000000738800000| PB 0x0000000738800000| Complete |  0
| 882|0x0000000739000000, 0x0000000739800000, 0x0000000739800000|100%| E|CS|TAMS 0x0000000739000000| PB 0x0000000739000000| Complete |  0
| 883|0x0000000739800000, 0x000000073a000000, 0x000000073a000000|100%| E|CS|TAMS 0x0000000739800000| PB 0x0000000739800000| Complete |  0
| 884|0x000000073a000000, 0x000000073a800000, 0x000000073a800000|100%| E|CS|TAMS 0x000000073a000000| PB 0x000000073a000000| Complete |  0
| 885|0x000000073a800000, 0x000000073b000000, 0x000000073b000000|100%| E|CS|TAMS 0x000000073a800000| PB 0x000000073a800000| Complete |  0
| 886|0x000000073b000000, 0x000000073b800000, 0x000000073b800000|100%| E|CS|TAMS 0x000000073b000000| PB 0x000000073b000000| Complete |  0
| 887|0x000000073b800000, 0x000000073c000000, 0x000000073c000000|100%| E|CS|TAMS 0x000000073b800000| PB 0x000000073b800000| Complete |  0
| 888|0x000000073c000000, 0x000000073c800000, 0x000000073c800000|100%| E|CS|TAMS 0x000000073c000000| PB 0x000000073c000000| Complete |  0
| 889|0x000000073c800000, 0x000000073d000000, 0x000000073d000000|100%| E|CS|TAMS 0x000000073c800000| PB 0x000000073c800000| Complete |  0
| 890|0x000000073d000000, 0x000000073d800000, 0x000000073d800000|100%| E|CS|TAMS 0x000000073d000000| PB 0x000000073d000000| Complete |  0
| 891|0x000000073d800000, 0x000000073e000000, 0x000000073e000000|100%| E|CS|TAMS 0x000000073d800000| PB 0x000000073d800000| Complete |  0
| 892|0x000000073e000000, 0x000000073e800000, 0x000000073e800000|100%| E|CS|TAMS 0x000000073e000000| PB 0x000000073e000000| Complete |  0
| 893|0x000000073e800000, 0x000000073f000000, 0x000000073f000000|100%| E|CS|TAMS 0x000000073e800000| PB 0x000000073e800000| Complete |  0
| 894|0x000000073f000000, 0x000000073f800000, 0x000000073f800000|100%| E|CS|TAMS 0x000000073f000000| PB 0x000000073f000000| Complete |  0
| 895|0x000000073f800000, 0x0000000740000000, 0x0000000740000000|100%| E|CS|TAMS 0x000000073f800000| PB 0x000000073f800000| Complete |  0
| 896|0x0000000740000000, 0x0000000740800000, 0x0000000740800000|100%| E|CS|TAMS 0x0000000740000000| PB 0x0000000740000000| Complete |  0
| 897|0x0000000740800000, 0x0000000741000000, 0x0000000741000000|100%| E|CS|TAMS 0x0000000740800000| PB 0x0000000740800000| Complete |  0
| 898|0x0000000741000000, 0x0000000741800000, 0x0000000741800000|100%| E|CS|TAMS 0x0000000741000000| PB 0x0000000741000000| Complete |  0
| 899|0x0000000741800000, 0x0000000742000000, 0x0000000742000000|100%| E|CS|TAMS 0x0000000741800000| PB 0x0000000741800000| Complete |  0
| 900|0x0000000742000000, 0x0000000742800000, 0x0000000742800000|100%| E|CS|TAMS 0x0000000742000000| PB 0x0000000742000000| Complete |  0
| 901|0x0000000742800000, 0x0000000743000000, 0x0000000743000000|100%| E|CS|TAMS 0x0000000742800000| PB 0x0000000742800000| Complete |  0
| 902|0x0000000743000000, 0x0000000743800000, 0x0000000743800000|100%| E|CS|TAMS 0x0000000743000000| PB 0x0000000743000000| Complete |  0
| 903|0x0000000743800000, 0x0000000744000000, 0x0000000744000000|100%| E|CS|TAMS 0x0000000743800000| PB 0x0000000743800000| Complete |  0
| 904|0x0000000744000000, 0x0000000744800000, 0x0000000744800000|100%| E|CS|TAMS 0x0000000744000000| PB 0x0000000744000000| Complete |  0
| 905|0x0000000744800000, 0x0000000745000000, 0x0000000745000000|100%| E|CS|TAMS 0x0000000744800000| PB 0x0000000744800000| Complete |  0
| 906|0x0000000745000000, 0x0000000745800000, 0x0000000745800000|100%| E|CS|TAMS 0x0000000745000000| PB 0x0000000745000000| Complete |  0
| 907|0x0000000745800000, 0x0000000746000000, 0x0000000746000000|100%| E|CS|TAMS 0x0000000745800000| PB 0x0000000745800000| Complete |  0
| 908|0x0000000746000000, 0x0000000746800000, 0x0000000746800000|100%| E|CS|TAMS 0x0000000746000000| PB 0x0000000746000000| Complete |  0
| 909|0x0000000746800000, 0x0000000747000000, 0x0000000747000000|100%| E|CS|TAMS 0x0000000746800000| PB 0x0000000746800000| Complete |  0
| 910|0x0000000747000000, 0x0000000747800000, 0x0000000747800000|100%| E|CS|TAMS 0x0000000747000000| PB 0x0000000747000000| Complete |  0
| 911|0x0000000747800000, 0x0000000748000000, 0x0000000748000000|100%| E|CS|TAMS 0x0000000747800000| PB 0x0000000747800000| Complete |  0
| 912|0x0000000748000000, 0x0000000748800000, 0x0000000748800000|100%| E|CS|TAMS 0x0000000748000000| PB 0x0000000748000000| Complete |  0
| 913|0x0000000748800000, 0x0000000749000000, 0x0000000749000000|100%| E|CS|TAMS 0x0000000748800000| PB 0x0000000748800000| Complete |  0
| 914|0x0000000749000000, 0x0000000749800000, 0x0000000749800000|100%| E|CS|TAMS 0x0000000749000000| PB 0x0000000749000000| Complete |  0
| 915|0x0000000749800000, 0x000000074a000000, 0x000000074a000000|100%| E|CS|TAMS 0x0000000749800000| PB 0x0000000749800000| Complete |  0
| 916|0x000000074a000000, 0x000000074a800000, 0x000000074a800000|100%| E|CS|TAMS 0x000000074a000000| PB 0x000000074a000000| Complete |  0
| 917|0x000000074a800000, 0x000000074b000000, 0x000000074b000000|100%| E|CS|TAMS 0x000000074a800000| PB 0x000000074a800000| Complete |  0
| 918|0x000000074b000000, 0x000000074b800000, 0x000000074b800000|100%| E|CS|TAMS 0x000000074b000000| PB 0x000000074b000000| Complete |  0
| 919|0x000000074b800000, 0x000000074c000000, 0x000000074c000000|100%| E|CS|TAMS 0x000000074b800000| PB 0x000000074b800000| Complete |  0
| 920|0x000000074c000000, 0x000000074c800000, 0x000000074c800000|100%| E|CS|TAMS 0x000000074c000000| PB 0x000000074c000000| Complete |  0
| 921|0x000000074c800000, 0x000000074d000000, 0x000000074d000000|100%| E|CS|TAMS 0x000000074c800000| PB 0x000000074c800000| Complete |  0
| 922|0x000000074d000000, 0x000000074d800000, 0x000000074d800000|100%| E|CS|TAMS 0x000000074d000000| PB 0x000000074d000000| Complete |  0
| 923|0x000000074d800000, 0x000000074e000000, 0x000000074e000000|100%| E|CS|TAMS 0x000000074d800000| PB 0x000000074d800000| Complete |  0
| 924|0x000000074e000000, 0x000000074e800000, 0x000000074e800000|100%| E|CS|TAMS 0x000000074e000000| PB 0x000000074e000000| Complete |  0
| 925|0x000000074e800000, 0x000000074f000000, 0x000000074f000000|100%| E|CS|TAMS 0x000000074e800000| PB 0x000000074e800000| Complete |  0
| 926|0x000000074f000000, 0x000000074f800000, 0x000000074f800000|100%| E|CS|TAMS 0x000000074f000000| PB 0x000000074f000000| Complete |  0
| 927|0x000000074f800000, 0x0000000750000000, 0x0000000750000000|100%| E|CS|TAMS 0x000000074f800000| PB 0x000000074f800000| Complete |  0
| 928|0x0000000750000000, 0x0000000750800000, 0x0000000750800000|100%| E|CS|TAMS 0x0000000750000000| PB 0x0000000750000000| Complete |  0
| 929|0x0000000750800000, 0x0000000751000000, 0x0000000751000000|100%| E|CS|TAMS 0x0000000750800000| PB 0x0000000750800000| Complete |  0
| 930|0x0000000751000000, 0x0000000751800000, 0x0000000751800000|100%| E|CS|TAMS 0x0000000751000000| PB 0x0000000751000000| Complete |  0
| 931|0x0000000751800000, 0x0000000752000000, 0x0000000752000000|100%| E|CS|TAMS 0x0000000751800000| PB 0x0000000751800000| Complete |  0
| 932|0x0000000752000000, 0x0000000752800000, 0x0000000752800000|100%| E|CS|TAMS 0x0000000752000000| PB 0x0000000752000000| Complete |  0
| 933|0x0000000752800000, 0x0000000753000000, 0x0000000753000000|100%| E|CS|TAMS 0x0000000752800000| PB 0x0000000752800000| Complete |  0
| 934|0x0000000753000000, 0x0000000753800000, 0x0000000753800000|100%| E|CS|TAMS 0x0000000753000000| PB 0x0000000753000000| Complete |  0
| 935|0x0000000753800000, 0x0000000754000000, 0x0000000754000000|100%| E|CS|TAMS 0x0000000753800000| PB 0x0000000753800000| Complete |  0
| 936|0x0000000754000000, 0x0000000754800000, 0x0000000754800000|100%| E|CS|TAMS 0x0000000754000000| PB 0x0000000754000000| Complete |  0
| 937|0x0000000754800000, 0x0000000755000000, 0x0000000755000000|100%| E|CS|TAMS 0x0000000754800000| PB 0x0000000754800000| Complete |  0
| 938|0x0000000755000000, 0x0000000755800000, 0x0000000755800000|100%| E|CS|TAMS 0x0000000755000000| PB 0x0000000755000000| Complete |  0
| 939|0x0000000755800000, 0x0000000756000000, 0x0000000756000000|100%| E|CS|TAMS 0x0000000755800000| PB 0x0000000755800000| Complete |  0
| 940|0x0000000756000000, 0x0000000756800000, 0x0000000756800000|100%| E|CS|TAMS 0x0000000756000000| PB 0x0000000756000000| Complete |  0
| 941|0x0000000756800000, 0x0000000757000000, 0x0000000757000000|100%| E|CS|TAMS 0x0000000756800000| PB 0x0000000756800000| Complete |  0
| 942|0x0000000757000000, 0x0000000757800000, 0x0000000757800000|100%| E|CS|TAMS 0x0000000757000000| PB 0x0000000757000000| Complete |  0
| 943|0x0000000757800000, 0x0000000758000000, 0x0000000758000000|100%| E|CS|TAMS 0x0000000757800000| PB 0x0000000757800000| Complete |  0
| 944|0x0000000758000000, 0x0000000758800000, 0x0000000758800000|100%| E|CS|TAMS 0x0000000758000000| PB 0x0000000758000000| Complete |  0
| 945|0x0000000758800000, 0x0000000759000000, 0x0000000759000000|100%| E|CS|TAMS 0x0000000758800000| PB 0x0000000758800000| Complete |  0
| 946|0x0000000759000000, 0x0000000759800000, 0x0000000759800000|100%| E|CS|TAMS 0x0000000759000000| PB 0x0000000759000000| Complete |  0
| 947|0x0000000759800000, 0x000000075a000000, 0x000000075a000000|100%| E|CS|TAMS 0x0000000759800000| PB 0x0000000759800000| Complete |  0
| 948|0x000000075a000000, 0x000000075a800000, 0x000000075a800000|100%| E|CS|TAMS 0x000000075a000000| PB 0x000000075a000000| Complete |  0
| 949|0x000000075a800000, 0x000000075b000000, 0x000000075b000000|100%| E|CS|TAMS 0x000000075a800000| PB 0x000000075a800000| Complete |  0
| 950|0x000000075b000000, 0x000000075b800000, 0x000000075b800000|100%| E|CS|TAMS 0x000000075b000000| PB 0x000000075b000000| Complete |  0
| 951|0x000000075b800000, 0x000000075c000000, 0x000000075c000000|100%| E|CS|TAMS 0x000000075b800000| PB 0x000000075b800000| Complete |  0
| 952|0x000000075c000000, 0x000000075c800000, 0x000000075c800000|100%| E|CS|TAMS 0x000000075c000000| PB 0x000000075c000000| Complete |  0
| 953|0x000000075c800000, 0x000000075d000000, 0x000000075d000000|100%| E|CS|TAMS 0x000000075c800000| PB 0x000000075c800000| Complete |  0
| 954|0x000000075d000000, 0x000000075d800000, 0x000000075d800000|100%| E|CS|TAMS 0x000000075d000000| PB 0x000000075d000000| Complete |  0
| 955|0x000000075d800000, 0x000000075e000000, 0x000000075e000000|100%| E|CS|TAMS 0x000000075d800000| PB 0x000000075d800000| Complete |  0
| 956|0x000000075e000000, 0x000000075e800000, 0x000000075e800000|100%| E|CS|TAMS 0x000000075e000000| PB 0x000000075e000000| Complete |  0
| 957|0x000000075e800000, 0x000000075f000000, 0x000000075f000000|100%| E|CS|TAMS 0x000000075e800000| PB 0x000000075e800000| Complete |  0
| 958|0x000000075f000000, 0x000000075f800000, 0x000000075f800000|100%| E|CS|TAMS 0x000000075f000000| PB 0x000000075f000000| Complete |  0
| 959|0x000000075f800000, 0x0000000760000000, 0x0000000760000000|100%| E|CS|TAMS 0x000000075f800000| PB 0x000000075f800000| Complete |  0
| 960|0x0000000760000000, 0x0000000760800000, 0x0000000760800000|100%| E|CS|TAMS 0x0000000760000000| PB 0x0000000760000000| Complete |  0
| 961|0x0000000760800000, 0x0000000761000000, 0x0000000761000000|100%| E|CS|TAMS 0x0000000760800000| PB 0x0000000760800000| Complete |  0
| 962|0x0000000761000000, 0x0000000761800000, 0x0000000761800000|100%| E|CS|TAMS 0x0000000761000000| PB 0x0000000761000000| Complete |  0
| 963|0x0000000761800000, 0x0000000762000000, 0x0000000762000000|100%| E|CS|TAMS 0x0000000761800000| PB 0x0000000761800000| Complete |  0
| 964|0x0000000762000000, 0x0000000762800000, 0x0000000762800000|100%| E|CS|TAMS 0x0000000762000000| PB 0x0000000762000000| Complete |  0
| 965|0x0000000762800000, 0x0000000763000000, 0x0000000763000000|100%| E|CS|TAMS 0x0000000762800000| PB 0x0000000762800000| Complete |  0
| 966|0x0000000763000000, 0x0000000763800000, 0x0000000763800000|100%| E|CS|TAMS 0x0000000763000000| PB 0x0000000763000000| Complete |  0
| 967|0x0000000763800000, 0x0000000764000000, 0x0000000764000000|100%| E|CS|TAMS 0x0000000763800000| PB 0x0000000763800000| Complete |  0
| 968|0x0000000764000000, 0x0000000764800000, 0x0000000764800000|100%| E|CS|TAMS 0x0000000764000000| PB 0x0000000764000000| Complete |  0
| 969|0x0000000764800000, 0x0000000765000000, 0x0000000765000000|100%| E|CS|TAMS 0x0000000764800000| PB 0x0000000764800000| Complete |  0
| 970|0x0000000765000000, 0x0000000765800000, 0x0000000765800000|100%| E|CS|TAMS 0x0000000765000000| PB 0x0000000765000000| Complete |  0
| 971|0x0000000765800000, 0x0000000766000000, 0x0000000766000000|100%| E|CS|TAMS 0x0000000765800000| PB 0x0000000765800000| Complete |  0
| 972|0x0000000766000000, 0x0000000766800000, 0x0000000766800000|100%| E|CS|TAMS 0x0000000766000000| PB 0x0000000766000000| Complete |  0
| 973|0x0000000766800000, 0x0000000767000000, 0x0000000767000000|100%| E|CS|TAMS 0x0000000766800000| PB 0x0000000766800000| Complete |  0
| 974|0x0000000767000000, 0x0000000767800000, 0x0000000767800000|100%| E|CS|TAMS 0x0000000767000000| PB 0x0000000767000000| Complete |  0
| 975|0x0000000767800000, 0x0000000768000000, 0x0000000768000000|100%| E|CS|TAMS 0x0000000767800000| PB 0x0000000767800000| Complete |  0
| 976|0x0000000768000000, 0x0000000768800000, 0x0000000768800000|100%| E|CS|TAMS 0x0000000768000000| PB 0x0000000768000000| Complete |  0
| 977|0x0000000768800000, 0x0000000769000000, 0x0000000769000000|100%| E|CS|TAMS 0x0000000768800000| PB 0x0000000768800000| Complete |  0
| 978|0x0000000769000000, 0x0000000769800000, 0x0000000769800000|100%| E|CS|TAMS 0x0000000769000000| PB 0x0000000769000000| Complete |  0
| 979|0x0000000769800000, 0x000000076a000000, 0x000000076a000000|100%| E|CS|TAMS 0x0000000769800000| PB 0x0000000769800000| Complete |  0
| 980|0x000000076a000000, 0x000000076a800000, 0x000000076a800000|100%| E|CS|TAMS 0x000000076a000000| PB 0x000000076a000000| Complete |  0
| 981|0x000000076a800000, 0x000000076b000000, 0x000000076b000000|100%| E|CS|TAMS 0x000000076a800000| PB 0x000000076a800000| Complete |  0
| 982|0x000000076b000000, 0x000000076b800000, 0x000000076b800000|100%| E|CS|TAMS 0x000000076b000000| PB 0x000000076b000000| Complete |  0
| 983|0x000000076b800000, 0x000000076c000000, 0x000000076c000000|100%| E|CS|TAMS 0x000000076b800000| PB 0x000000076b800000| Complete |  0
| 984|0x000000076c000000, 0x000000076c800000, 0x000000076c800000|100%| E|CS|TAMS 0x000000076c000000| PB 0x000000076c000000| Complete |  0
| 985|0x000000076c800000, 0x000000076d000000, 0x000000076d000000|100%| E|CS|TAMS 0x000000076c800000| PB 0x000000076c800000| Complete |  0
| 986|0x000000076d000000, 0x000000076d800000, 0x000000076d800000|100%| E|CS|TAMS 0x000000076d000000| PB 0x000000076d000000| Complete |  0
| 987|0x000000076d800000, 0x000000076e000000, 0x000000076e000000|100%| E|CS|TAMS 0x000000076d800000| PB 0x000000076d800000| Complete |  0
| 988|0x000000076e000000, 0x000000076e800000, 0x000000076e800000|100%| E|CS|TAMS 0x000000076e000000| PB 0x000000076e000000| Complete |  0
| 989|0x000000076e800000, 0x000000076f000000, 0x000000076f000000|100%| E|CS|TAMS 0x000000076e800000| PB 0x000000076e800000| Complete |  0
| 990|0x000000076f000000, 0x000000076f800000, 0x000000076f800000|100%| E|CS|TAMS 0x000000076f000000| PB 0x000000076f000000| Complete |  0
| 991|0x000000076f800000, 0x0000000770000000, 0x0000000770000000|100%| E|CS|TAMS 0x000000076f800000| PB 0x000000076f800000| Complete |  0
| 992|0x0000000770000000, 0x0000000770800000, 0x0000000770800000|100%| E|CS|TAMS 0x0000000770000000| PB 0x0000000770000000| Complete |  0
| 993|0x0000000770800000, 0x0000000771000000, 0x0000000771000000|100%| E|CS|TAMS 0x0000000770800000| PB 0x0000000770800000| Complete |  0
| 994|0x0000000771000000, 0x0000000771800000, 0x0000000771800000|100%| E|CS|TAMS 0x0000000771000000| PB 0x0000000771000000| Complete |  0
| 995|0x0000000771800000, 0x0000000772000000, 0x0000000772000000|100%| E|CS|TAMS 0x0000000771800000| PB 0x0000000771800000| Complete |  0
| 996|0x0000000772000000, 0x0000000772800000, 0x0000000772800000|100%| E|CS|TAMS 0x0000000772000000| PB 0x0000000772000000| Complete |  0
| 997|0x0000000772800000, 0x0000000773000000, 0x0000000773000000|100%| E|CS|TAMS 0x0000000772800000| PB 0x0000000772800000| Complete |  0
| 998|0x0000000773000000, 0x0000000773800000, 0x0000000773800000|100%| E|CS|TAMS 0x0000000773000000| PB 0x0000000773000000| Complete |  0
| 999|0x0000000773800000, 0x0000000774000000, 0x0000000774000000|100%| E|CS|TAMS 0x0000000773800000| PB 0x0000000773800000| Complete |  0
|1000|0x0000000774000000, 0x0000000774800000, 0x0000000774800000|100%| E|CS|TAMS 0x0000000774000000| PB 0x0000000774000000| Complete |  0
|1001|0x0000000774800000, 0x0000000775000000, 0x0000000775000000|100%| E|CS|TAMS 0x0000000774800000| PB 0x0000000774800000| Complete |  0
|1002|0x0000000775000000, 0x0000000775800000, 0x0000000775800000|100%| E|CS|TAMS 0x0000000775000000| PB 0x0000000775000000| Complete |  0
|1003|0x0000000775800000, 0x0000000776000000, 0x0000000776000000|100%| E|CS|TAMS 0x0000000775800000| PB 0x0000000775800000| Complete |  0
|1004|0x0000000776000000, 0x0000000776800000, 0x0000000776800000|100%| E|CS|TAMS 0x0000000776000000| PB 0x0000000776000000| Complete |  0
|1005|0x0000000776800000, 0x0000000777000000, 0x0000000777000000|100%| E|CS|TAMS 0x0000000776800000| PB 0x0000000776800000| Complete |  0
|1006|0x0000000777000000, 0x0000000777800000, 0x0000000777800000|100%| E|CS|TAMS 0x0000000777000000| PB 0x0000000777000000| Complete |  0
|1007|0x0000000777800000, 0x0000000778000000, 0x0000000778000000|100%| E|CS|TAMS 0x0000000777800000| PB 0x0000000777800000| Complete |  0
|1008|0x0000000778000000, 0x0000000778800000, 0x0000000778800000|100%| E|CS|TAMS 0x0000000778000000| PB 0x0000000778000000| Complete |  0
|1009|0x0000000778800000, 0x0000000779000000, 0x0000000779000000|100%| E|CS|TAMS 0x0000000778800000| PB 0x0000000778800000| Complete |  0
|1010|0x0000000779000000, 0x0000000779800000, 0x0000000779800000|100%| E|CS|TAMS 0x0000000779000000| PB 0x0000000779000000| Complete |  0
|1011|0x0000000779800000, 0x000000077a000000, 0x000000077a000000|100%| E|CS|TAMS 0x0000000779800000| PB 0x0000000779800000| Complete |  0
|1012|0x000000077a000000, 0x000000077a800000, 0x000000077a800000|100%| E|CS|TAMS 0x000000077a000000| PB 0x000000077a000000| Complete |  0
|1013|0x000000077a800000, 0x000000077b000000, 0x000000077b000000|100%| E|CS|TAMS 0x000000077a800000| PB 0x000000077a800000| Complete |  0
|1014|0x000000077b000000, 0x000000077b800000, 0x000000077b800000|100%| E|CS|TAMS 0x000000077b000000| PB 0x000000077b000000| Complete |  0
|1015|0x000000077b800000, 0x000000077c000000, 0x000000077c000000|100%| E|CS|TAMS 0x000000077b800000| PB 0x000000077b800000| Complete |  0
|1016|0x000000077c000000, 0x000000077c800000, 0x000000077c800000|100%| E|CS|TAMS 0x000000077c000000| PB 0x000000077c000000| Complete |  0
|1039|0x0000000787800000, 0x0000000788000000, 0x0000000788000000|100%| E|CS|TAMS 0x0000000787800000| PB 0x0000000787800000| Complete |  0
|1040|0x0000000788000000, 0x0000000788800000, 0x0000000788800000|100%| E|CS|TAMS 0x0000000788000000| PB 0x0000000788000000| Complete |  0
|1041|0x0000000788800000, 0x0000000789000000, 0x0000000789000000|100%| E|CS|TAMS 0x0000000788800000| PB 0x0000000788800000| Complete |  0
|1042|0x0000000789000000, 0x0000000789800000, 0x0000000789800000|100%| E|CS|TAMS 0x0000000789000000| PB 0x0000000789000000| Complete |  0
|1043|0x0000000789800000, 0x000000078a000000, 0x000000078a000000|100%| E|CS|TAMS 0x0000000789800000| PB 0x0000000789800000| Complete |  0
|1044|0x000000078a000000, 0x000000078a800000, 0x000000078a800000|100%| E|CS|TAMS 0x000000078a000000| PB 0x000000078a000000| Complete |  0
|1279|0x00000007ff800000, 0x0000000800000000, 0x0000000800000000|100%| E|CS|TAMS 0x00000007ff800000| PB 0x00000007ff800000| Complete |  0

Card table byte_map: [0x00000162388f0000,0x0000016239cf0000] _byte_map_base: 0x0000016235cf0000

Marking Bits: (CMBitMap*) 0x000001621f1f2ab0
 Bits: [0x0000016239cf0000, 0x0000016243cf0000)

Polling page: 0x000001621d0a0000

Metaspace:
Metaspace        used 258216K, committed 260416K, reserved 1310720K
 class space     used 43828K, committed 44800K, reserved 1048576K

Usage:
  Non-class:    209.36 MB used.
      Class:     42.80 MB used.
       Both:    252.16 MB used.

Virtual space:
  Non-class space:      256.00 MB reserved,     210.56 MB ( 82%) committed,  4 nodes.
      Class space:        1.00 GB reserved,      43.75 MB (  4%) committed,  1 nodes.
             Both:        1.25 GB reserved,     254.31 MB ( 20%) committed. 

Chunk freelists:
   Non-Class:  12.52 MB
       Class:  4.20 MB
        Both:  16.72 MB

MaxMetaspaceSize: unlimited
CompressedClassSpaceSize: 1.00 GB
Initial GC threshold: 21.00 MB
Current GC threshold: 423.69 MB
CDS: on
 - commit_granule_bytes: 65536.
 - commit_granule_words: 8192.
 - virtual_space_node_default_size: 8388608.
 - enlarge_chunks_in_place: 1.
UseCompressedClassPointers 1, UseCompactObjectHeaders 0
Narrow klass pointer bits 32, Max shift 3
Narrow klass base: 0x000000000d000000, Narrow klass shift: 0
Encoding Range: [0x000000000d000000 - 0x000000010d000000), (4294967296 bytes)
Klass Range:    [0x000000000d010000 - 0x000000004e000000), (1090453504 bytes)
Klass ID Range:  [65536 - 1090519033) (1090453497)
Protection zone: [0x000000000d000000 - 0x000000000d010000), (65536 bytes)


Internal statistics:

num_allocs_failed_limit: 35.
num_arena_births: 3484.
num_arena_deaths: 34.
num_vsnodes_births: 5.
num_vsnodes_deaths: 0.
num_space_committed: 4059.
num_space_uncommitted: 0.
num_chunks_returned_to_freelist: 84.
num_chunks_taken_from_freelist: 14012.
num_chunk_merges: 32.
num_chunk_splits: 9611.
num_chunks_enlarged: 7157.
num_inconsistent_stats: 0.

CodeHeap 'non-profiled nmethods': size=119168Kb used=27708Kb max_used=34474Kb free=91459Kb
 bounds [0x000001622f810000, 0x0000016231a70000, 0x0000016236c70000]
CodeHeap 'profiled nmethods': size=119168Kb used=26483Kb max_used=51376Kb free=92684Kb
 bounds [0x0000016227c60000, 0x000001622ae90000, 0x000001622f0c0000]
CodeHeap 'non-nmethods': size=7488Kb used=3281Kb max_used=5136Kb free=4206Kb
 bounds [0x000001622f0c0000, 0x000001622f5e0000, 0x000001622f810000]
CodeCache: size=245824Kb, used=57472Kb, max_used=90986Kb, free=188349Kb
 total_blobs=25283, nmethods=23377, adapters=1790, full_count=0
Compilation: enabled, stopped_count=0, restarted_count=0

Compilation events (20 events):
Event: 2718.841 Thread 0x0000016243edbe50 nmethod 54969 0x0000016230c90708 code [0x0000016230c90800, 0x0000016230c908f0]
Event: 2718.841 Thread 0x000001625a096df0 nmethod 54970 0x0000016229efdc88 code [0x0000016229efdd80, 0x0000016229efe208]
Event: 2718.841 Thread 0x0000016243ee6a80 nmethod 54971 0x0000016229678908 code [0x0000016229678a00, 0x0000016229678f70]
Event: 2718.841 Thread 0x0000016243ee6a80 54973       3       net.minecraft.world.level.levelgen.structure.pools.JigsawPlacement$Placer::lambda$tryPlacingChildren$4 (20 bytes)
Event: 2718.841 Thread 0x000001625a096df0 54972       3       net.minecraft.world.level.levelgen.structure.pools.JigsawPlacement$Placer$$Lambda/0x0000000010bcd680::apply (12 bytes)
Event: 2718.841 Thread 0x000001625a096df0 nmethod 54972 0x000001622a76ff88 code [0x000001622a770080, 0x000001622a770508]
Event: 2718.841 Thread 0x0000016243ee6a80 nmethod 54973 0x0000016229826088 code [0x0000016229826180, 0x00000162298266f0]
Event: 2718.945 Thread 0x0000016243edbe50 54974       4       net.minecraft.world.level.levelgen.structure.pools.StructureTemplatePool::getMaxSize (55 bytes)
Event: 2718.947 Thread 0x0000016243edbe50 nmethod 54974 0x0000016230cb5708 code [0x0000016230cb5800, 0x0000016230cb5b00]
Event: 2718.947 Thread 0x0000016243edbe50 54975       4       net.minecraft.world.level.levelgen.structure.pools.JigsawPlacement$Placer$$Lambda/0x0000000010bcc6d8::applyAsInt (20 bytes)
Event: 2718.997 Thread 0x0000016243edbe50 nmethod 54975 0x0000016231898208 code [0x0000016231898300, 0x0000016231899d58]
Event: 2719.021 Thread 0x000001625a096df0 54976       3       net.minecraft.world.level.levelgen.structure.pools.JigsawPlacement$Placer$$Lambda/0x0000000010bcc6d8::<init> (20 bytes)
Event: 2719.021 Thread 0x000001625a096df0 nmethod 54976 0x000001622aab0888 code [0x000001622aab0980, 0x000001622aab0c10]
Event: 2719.280 Thread 0x000001625a096df0 54977       3       net.minecraft.world.level.levelgen.structure.templatesystem.ProcessorRule::<init> (32 bytes)
Event: 2719.280 Thread 0x000001625a096df0 nmethod 54977 0x000001622a9f3188 code [0x000001622a9f3280, 0x000001622a9f35d8]
Event: 2719.323 Thread 0x0000016243edbe50 54978       4       net.minecraft.world.level.levelgen.feature.trunkplacers.TrunkPlacer$$Lambda/0x0000000010952488::test (8 bytes)
Event: 2719.324 Thread 0x000001625a096df0 54979 %     3       net.minecraft.world.level.levelgen.structure.pools.JigsawPlacement$Placer::tryPlacingChildren @ 634 (1216 bytes)
Event: 2719.325 Thread 0x0000016243edbe50 nmethod 54978 0x0000016230ccbe08 code [0x0000016230ccbf00, 0x0000016230ccc238]
Event: 2719.330 Thread 0x000001625a096df0 nmethod 54979% 0x0000016228b42408 code [0x0000016228b42520, 0x0000016228b4cec0]
Event: 2719.591 Thread 0x0000016243edbe50 54980 %     4       net.minecraft.world.level.levelgen.structure.pools.JigsawPlacement$Placer::tryPlacingChildren @ 634 (1216 bytes)

GC Heap Usage History (20 events):
Event: 2680.824 {heap Before GC invocations=95 (full 0):
 garbage-first heap   total reserved 10485760K, committed 8388608K, used 7416280K [0x0000000580000000, 0x0000000800000000)
  region size 8192K, 614 young (5029888K), 47 survivors (385024K)
}
Event: 2680.875 {heap After GC invocations=96 (full 0):
 garbage-first heap   total reserved 10485760K, committed 8388608K, used 2867200K [0x0000000580000000, 0x0000000800000000)
  region size 8192K, 45 young (368640K), 45 survivors (368640K)
}
Event: 2685.323 {heap Before GC invocations=97 (full 0):
 garbage-first heap   total reserved 10485760K, committed 8388608K, used 7102464K [0x0000000580000000, 0x0000000800000000)
  region size 8192K, 614 young (5029888K), 45 survivors (368640K)
}
Event: 2685.383 {heap After GC invocations=98 (full 0):
 garbage-first heap   total reserved 10485760K, committed 8388608K, used 2525453K [0x0000000580000000, 0x0000000800000000)
  region size 8192K, 44 young (360448K), 44 survivors (360448K)
}
Event: 2689.813 {heap Before GC invocations=98 (full 0):
 garbage-first heap   total reserved 10485760K, committed 8388608K, used 7194893K [0x0000000580000000, 0x0000000800000000)
  region size 8192K, 614 young (5029888K), 44 survivors (360448K)
}
Event: 2689.878 {heap After GC invocations=99 (full 0):
 garbage-first heap   total reserved 10485760K, committed 8388608K, used 1991965K [0x0000000580000000, 0x0000000800000000)
  region size 8192K, 44 young (360448K), 44 survivors (360448K)
}
Event: 2693.903 {heap Before GC invocations=99 (full 0):
 garbage-first heap   total reserved 10485760K, committed 8388608K, used 6653213K [0x0000000580000000, 0x0000000800000000)
  region size 8192K, 614 young (5029888K), 44 survivors (360448K)
}
Event: 2693.951 {heap After GC invocations=100 (full 0):
 garbage-first heap   total reserved 10485760K, committed 8388608K, used 2095563K [0x0000000580000000, 0x0000000800000000)
  region size 8192K, 45 young (368640K), 45 survivors (368640K)
}
Event: 2697.789 {heap Before GC invocations=100 (full 0):
 garbage-first heap   total reserved 10485760K, committed 8388608K, used 6748619K [0x0000000580000000, 0x0000000800000000)
  region size 8192K, 614 young (5029888K), 45 survivors (368640K)
}
Event: 2697.838 {heap After GC invocations=101 (full 0):
 garbage-first heap   total reserved 10485760K, committed 8388608K, used 2211400K [0x0000000580000000, 0x0000000800000000)
  region size 8192K, 48 young (393216K), 48 survivors (393216K)
}
Event: 2701.655 {heap Before GC invocations=101 (full 0):
 garbage-first heap   total reserved 10485760K, committed 8388608K, used 6848072K [0x0000000580000000, 0x0000000800000000)
  region size 8192K, 614 young (5029888K), 48 survivors (393216K)
}
Event: 2701.706 {heap After GC invocations=102 (full 0):
 garbage-first heap   total reserved 10485760K, committed 8388608K, used 2287874K [0x0000000580000000, 0x0000000800000000)
  region size 8192K, 47 young (385024K), 47 survivors (385024K)
}
Event: 2705.553 {heap Before GC invocations=102 (full 0):
 garbage-first heap   total reserved 10485760K, committed 8388608K, used 6932738K [0x0000000580000000, 0x0000000800000000)
  region size 8192K, 614 young (5029888K), 47 survivors (385024K)
}
Event: 2705.602 {heap After GC invocations=103 (full 0):
 garbage-first heap   total reserved 10485760K, committed 8388608K, used 2375680K [0x0000000580000000, 0x0000000800000000)
  region size 8192K, 46 young (376832K), 46 survivors (376832K)
}
Event: 2709.421 {heap Before GC invocations=103 (full 0):
 garbage-first heap   total reserved 10485760K, committed 8388608K, used 7020544K [0x0000000580000000, 0x0000000800000000)
  region size 8192K, 614 young (5029888K), 46 survivors (376832K)
}
Event: 2709.478 {heap After GC invocations=104 (full 0):
 garbage-first heap   total reserved 10485760K, committed 8388608K, used 2450348K [0x0000000580000000, 0x0000000800000000)
  region size 8192K, 43 young (352256K), 43 survivors (352256K)
}
Event: 2713.581 {heap Before GC invocations=104 (full 0):
 garbage-first heap   total reserved 10485760K, committed 8388608K, used 7127980K [0x0000000580000000, 0x0000000800000000)
  region size 8192K, 614 young (5029888K), 43 survivors (352256K)
}
Event: 2713.628 {heap After GC invocations=105 (full 0):
 garbage-first heap   total reserved 10485760K, committed 8388608K, used 2535424K [0x0000000580000000, 0x0000000800000000)
  region size 8192K, 42 young (344064K), 42 survivors (344064K)
}
Event: 2718.082 {heap Before GC invocations=105 (full 0):
 garbage-first heap   total reserved 10485760K, committed 8388608K, used 7221248K [0x0000000580000000, 0x0000000800000000)
  region size 8192K, 614 young (5029888K), 42 survivors (344064K)
}
Event: 2718.125 {heap After GC invocations=106 (full 0):
 garbage-first heap   total reserved 10485760K, committed 8388608K, used 2604587K [0x0000000580000000, 0x0000000800000000)
  region size 8192K, 40 young (327680K), 40 survivors (327680K)
}

Metaspace Usage History (20 events):
Event: 2680.824 {metaspace Before GC invocations=95 (full 0):
 Metaspace       used 258132K, committed 260288K, reserved 1310720K
  class space    used 43820K, committed 44800K, reserved 1048576K
}
Event: 2680.875 {metaspace After GC invocations=96 (full 0):
 Metaspace       used 258132K, committed 260288K, reserved 1310720K
  class space    used 43820K, committed 44800K, reserved 1048576K
}
Event: 2685.323 {metaspace Before GC invocations=97 (full 0):
 Metaspace       used 258137K, committed 260288K, reserved 1310720K
  class space    used 43820K, committed 44800K, reserved 1048576K
}
Event: 2685.383 {metaspace After GC invocations=98 (full 0):
 Metaspace       used 258137K, committed 260288K, reserved 1310720K
  class space    used 43820K, committed 44800K, reserved 1048576K
}
Event: 2689.813 {metaspace Before GC invocations=98 (full 0):
 Metaspace       used 258144K, committed 260288K, reserved 1310720K
  class space    used 43820K, committed 44800K, reserved 1048576K
}
Event: 2689.878 {metaspace After GC invocations=99 (full 0):
 Metaspace       used 258144K, committed 260288K, reserved 1310720K
  class space    used 43820K, committed 44800K, reserved 1048576K
}
Event: 2693.903 {metaspace Before GC invocations=99 (full 0):
 Metaspace       used 258148K, committed 260288K, reserved 1310720K
  class space    used 43820K, committed 44800K, reserved 1048576K
}
Event: 2693.951 {metaspace After GC invocations=100 (full 0):
 Metaspace       used 258148K, committed 260288K, reserved 1310720K
  class space    used 43820K, committed 44800K, reserved 1048576K
}
Event: 2697.789 {metaspace Before GC invocations=100 (full 0):
 Metaspace       used 258159K, committed 260288K, reserved 1310720K
  class space    used 43820K, committed 44800K, reserved 1048576K
}
Event: 2697.838 {metaspace After GC invocations=101 (full 0):
 Metaspace       used 258159K, committed 260288K, reserved 1310720K
  class space    used 43820K, committed 44800K, reserved 1048576K
}
Event: 2701.655 {metaspace Before GC invocations=101 (full 0):
 Metaspace       used 258162K, committed 260288K, reserved 1310720K
  class space    used 43820K, committed 44800K, reserved 1048576K
}
Event: 2701.706 {metaspace After GC invocations=102 (full 0):
 Metaspace       used 258162K, committed 260288K, reserved 1310720K
  class space    used 43820K, committed 44800K, reserved 1048576K
}
Event: 2705.553 {metaspace Before GC invocations=102 (full 0):
 Metaspace       used 258169K, committed 260352K, reserved 1310720K
  class space    used 43820K, committed 44800K, reserved 1048576K
}
Event: 2705.603 {metaspace After GC invocations=103 (full 0):
 Metaspace       used 258169K, committed 260352K, reserved 1310720K
  class space    used 43820K, committed 44800K, reserved 1048576K
}
Event: 2709.421 {metaspace Before GC invocations=103 (full 0):
 Metaspace       used 258172K, committed 260416K, reserved 1310720K
  class space    used 43820K, committed 44800K, reserved 1048576K
}
Event: 2709.478 {metaspace After GC invocations=104 (full 0):
 Metaspace       used 258172K, committed 260416K, reserved 1310720K
  class space    used 43820K, committed 44800K, reserved 1048576K
}
Event: 2713.581 {metaspace Before GC invocations=104 (full 0):
 Metaspace       used 258177K, committed 260416K, reserved 1310720K
  class space    used 43821K, committed 44800K, reserved 1048576K
}
Event: 2713.628 {metaspace After GC invocations=105 (full 0):
 Metaspace       used 258177K, committed 260416K, reserved 1310720K
  class space    used 43821K, committed 44800K, reserved 1048576K
}
Event: 2718.082 {metaspace Before GC invocations=105 (full 0):
 Metaspace       used 258204K, committed 260416K, reserved 1310720K
  class space    used 43828K, committed 44800K, reserved 1048576K
}
Event: 2718.125 {metaspace After GC invocations=106 (full 0):
 Metaspace       used 258204K, committed 260416K, reserved 1310720K
  class space    used 43828K, committed 44800K, reserved 1048576K
}

Dll operation events (20 events):
Event: 0.648 Attempting to load shared library C:\Program Files\Eclipse Adoptium\jdk-25.0.4.101-hotspot\bin\management_ext.dll
Event: 0.648 Loaded shared library C:\Program Files\Eclipse Adoptium\jdk-25.0.4.101-hotspot\bin\management_ext.dll
Event: 0.713 Attempting to load shared library C:\Program Files\Eclipse Adoptium\jdk-25.0.4.101-hotspot\bin\verify.dll
Event: 0.713 Loaded shared library C:\Program Files\Eclipse Adoptium\jdk-25.0.4.101-hotspot\bin\verify.dll
Event: 0.837 Attempting to load shared library C:\Users\surum\AppData\Local\Temp\jna-109803752\jna6288548395291860850.dll
Event: 0.838 Loaded shared library C:\Users\surum\AppData\Local\Temp\jna-109803752\jna6288548395291860850.dll
Event: 0.841 Attempting to load shared library C:\Windows\System32\ucrtbase.dll
Event: 0.841 Loaded shared library C:\Windows\System32\ucrtbase.dll
Event: 0.841 Attempting to load shared library C:\Program Files\Eclipse Adoptium\jdk-25.0.4.101-hotspot\bin\syslookup.dll
Event: 0.842 Loaded shared library C:\Program Files\Eclipse Adoptium\jdk-25.0.4.101-hotspot\bin\syslookup.dll
Event: 3.175 Attempting to load shared library C:\Program Files\Eclipse Adoptium\jdk-25.0.4.101-hotspot\bin\jaas.dll
Event: 3.175 Loaded shared library C:\Program Files\Eclipse Adoptium\jdk-25.0.4.101-hotspot\bin\jaas.dll
Event: 3.256 Attempting to load shared library C:\Program Files\Eclipse Adoptium\jdk-25.0.4.101-hotspot\bin\sunmscapi.dll
Event: 3.257 Loaded shared library C:\Program Files\Eclipse Adoptium\jdk-25.0.4.101-hotspot\bin\sunmscapi.dll
Event: 3.307 Attempting to load shared library C:\Program Files\Eclipse Adoptium\jdk-25.0.4.101-hotspot\bin\extnet.dll
Event: 3.307 Loaded shared library C:\Program Files\Eclipse Adoptium\jdk-25.0.4.101-hotspot\bin\extnet.dll
Event: 4.968 Attempting to load shared library C:\Program Files\Eclipse Adoptium\jdk-25.0.4.101-hotspot\bin\awt.dll
Event: 4.970 Loaded shared library C:\Program Files\Eclipse Adoptium\jdk-25.0.4.101-hotspot\bin\awt.dll
Event: 7.906 Attempting to load shared library C:\Users\surum\AppData\Local\Temp\sqlite-3.49.1.0-8f92ba86-4ef9-4667-b2c0-89cf4539dace-sqlitejdbc.dll
Event: 7.907 Loaded shared library C:\Users\surum\AppData\Local\Temp\sqlite-3.49.1.0-8f92ba86-4ef9-4667-b2c0-89cf4539dace-sqlitejdbc.dll

Deoptimization events (20 events):
Event: 2719.021 Thread 0x0000016256421ac0 DEOPT PACKING pc=0x000001622a13b5c7 sp=0x0000004d63afe9c0
Event: 2719.021 Thread 0x0000016256421ac0 DEOPT UNPACKING pc=0x000001622f1112a2 sp=0x0000004d63afdf78 mode 0
Event: 2719.021 Thread 0x0000016256421ac0 Uncommon trap: trap_request=0xffffffde fr.pc=0x00000162302df45c relative=0x0000000000004f3c
Event: 2719.021 Thread 0x0000016256421ac0 Uncommon trap: reason=class_check action=maybe_recompile pc=0x00000162302df45c method=net.minecraft.world.level.levelgen.structure.pools.JigsawPlacement$Placer.tryPlacingChildren(Lnet/minecraft/world/level/levelgen/structure/PoolElementStructurePiece;Lorg
Event: 2719.021 Thread 0x0000016256421ac0 DEOPT PACKING pc=0x00000162302df45c sp=0x0000004d63afeae0
Event: 2719.021 Thread 0x0000016256421ac0 DEOPT UNPACKING pc=0x000001622f1f0d02 sp=0x0000004d63afea60 mode 2
Event: 2719.040 Thread 0x0000016256421ac0 Uncommon trap: trap_request=0xffffffde fr.pc=0x00000162302df45c relative=0x0000000000004f3c
Event: 2719.040 Thread 0x0000016256421ac0 Uncommon trap: reason=class_check action=maybe_recompile pc=0x00000162302df45c method=net.minecraft.world.level.levelgen.structure.pools.JigsawPlacement$Placer.tryPlacingChildren(Lnet/minecraft/world/level/levelgen/structure/PoolElementStructurePiece;Lorg
Event: 2719.040 Thread 0x0000016256421ac0 DEOPT PACKING pc=0x00000162302df45c sp=0x0000004d63afeae0
Event: 2719.040 Thread 0x0000016256421ac0 DEOPT UNPACKING pc=0x000001622f1f0d02 sp=0x0000004d63afea60 mode 2
Event: 2719.056 Thread 0x0000016256421ac0 Uncommon trap: trap_request=0xffffffde fr.pc=0x0000016231a62460 relative=0x0000000000004f40
Event: 2719.056 Thread 0x0000016256421ac0 Uncommon trap: reason=class_check action=maybe_recompile pc=0x0000016231a62460 method=net.minecraft.world.level.levelgen.structure.pools.JigsawPlacement$Placer.tryPlacingChildren(Lnet/minecraft/world/level/levelgen/structure/PoolElementStructurePiece;Lorg
Event: 2719.056 Thread 0x0000016256421ac0 DEOPT PACKING pc=0x0000016231a62460 sp=0x0000004d63afeae0
Event: 2719.056 Thread 0x0000016256421ac0 DEOPT UNPACKING pc=0x000001622f1f0d02 sp=0x0000004d63afea60 mode 2
Event: 2719.057 Thread 0x0000016256421ac0 Uncommon trap: trap_request=0xffffffde fr.pc=0x00000162302df45c relative=0x0000000000004f3c
Event: 2719.057 Thread 0x0000016256421ac0 Uncommon trap: reason=class_check action=maybe_recompile pc=0x00000162302df45c method=net.minecraft.world.level.levelgen.structure.pools.JigsawPlacement$Placer.tryPlacingChildren(Lnet/minecraft/world/level/levelgen/structure/PoolElementStructurePiece;Lorg
Event: 2719.057 Thread 0x0000016256421ac0 DEOPT PACKING pc=0x00000162302df45c sp=0x0000004d63afeae0
Event: 2719.057 Thread 0x0000016256421ac0 DEOPT UNPACKING pc=0x000001622f1f0d02 sp=0x0000004d63afea60 mode 2
Event: 2719.323 Thread 0x0000016256421ac0 DEOPT PACKING pc=0x000001622a13b5e8 sp=0x0000004d63afe9c0
Event: 2719.323 Thread 0x0000016256421ac0 DEOPT UNPACKING pc=0x000001622f1112a2 sp=0x0000004d63afdf78 mode 0

Classes loaded (20 events):
Event: 1537.718 Loading class java/util/stream/LongPipeline$9
Event: 1537.718 Loading class java/util/stream/LongPipeline$9 done
Event: 1537.718 Loading class java/util/stream/Nodes$LongSpinedNodeBuilder
Event: 1537.718 Loading class java/util/stream/SpinedBuffer$OfLong
Event: 1537.719 Loading class java/util/stream/SpinedBuffer$OfLong done
Event: 1537.723 Loading class java/util/stream/Nodes$LongSpinedNodeBuilder done
Event: 1537.727 Loading class java/util/stream/LongPipeline$9$1
Event: 1537.728 Loading class java/util/stream/Sink$ChainedLong
Event: 1537.728 Loading class java/util/stream/Sink$ChainedLong done
Event: 1537.728 Loading class java/util/stream/LongPipeline$9$1 done
Event: 1591.371 Loading class java/lang/FdLibm$Log
Event: 1591.371 Loading class java/lang/FdLibm$Log done
Event: 1592.565 Loading class java/util/stream/SpinedBuffer$OfInt$1Splitr
Event: 1592.566 Loading class java/util/stream/SpinedBuffer$OfPrimitive$BaseSpliterator
Event: 1592.566 Loading class java/util/stream/SpinedBuffer$OfPrimitive$BaseSpliterator done
Event: 1592.566 Loading class java/util/stream/SpinedBuffer$OfInt$1Splitr done
Event: 2632.235 Loading class java/util/stream/WhileOps$1
Event: 2632.235 Loading class java/util/stream/WhileOps$1 done
Event: 2632.236 Loading class java/util/stream/WhileOps$1$1
Event: 2632.236 Loading class java/util/stream/WhileOps$1$1 done

Classes unloaded (17 events):
Event: 1319.493 Thread 0x0000016243eb73b0 Unloading class 0x000000001093a000 'java/lang/invoke/LambdaForm$MH+0x000000001093a000'
Event: 1319.493 Thread 0x0000016243eb73b0 Unloading class 0x0000000010938c00 'java/lang/invoke/LambdaForm$DMH+0x0000000010938c00'
Event: 1319.493 Thread 0x0000016243eb73b0 Unloading class 0x0000000010938400 'java/lang/invoke/LambdaForm$DMH+0x0000000010938400'
Event: 1319.493 Thread 0x0000016243eb73b0 Unloading class 0x00000000102dc800 'java/lang/invoke/LambdaForm$DMH+0x00000000102dc800'
Event: 1319.493 Thread 0x0000016243eb73b0 Unloading class 0x00000000102dd000 'java/lang/invoke/LambdaForm$DMH+0x00000000102dd000'
Event: 1319.493 Thread 0x0000016243eb73b0 Unloading class 0x00000000102cd000 'java/lang/invoke/LambdaForm$DMH+0x00000000102cd000'
Event: 1319.493 Thread 0x0000016243eb73b0 Unloading class 0x00000000102ccc00 'java/lang/invoke/LambdaForm$DMH+0x00000000102ccc00'
Event: 1319.493 Thread 0x0000016243eb73b0 Unloading class 0x00000000102c0400 'java/lang/invoke/LambdaForm$DMH+0x00000000102c0400'
Event: 1319.493 Thread 0x0000016243eb73b0 Unloading class 0x000000000f98dc00 'java/lang/invoke/LambdaForm$DMH+0x000000000f98dc00'
Event: 1319.493 Thread 0x0000016243eb73b0 Unloading class 0x000000000f98d800 'java/lang/invoke/LambdaForm$DMH+0x000000000f98d800'
Event: 1319.493 Thread 0x0000016243eb73b0 Unloading class 0x000000000f98d400 'java/lang/invoke/LambdaForm$DMH+0x000000000f98d400'
Event: 1319.493 Thread 0x0000016243eb73b0 Unloading class 0x000000000f98cc00 'java/lang/invoke/LambdaForm$DMH+0x000000000f98cc00'
Event: 1319.493 Thread 0x0000016243eb73b0 Unloading class 0x000000000f98c800 'java/lang/invoke/LambdaForm$DMH+0x000000000f98c800'
Event: 1319.493 Thread 0x0000016243eb73b0 Unloading class 0x000000000f06cc00 'java/lang/invoke/LambdaForm$DMH+0x000000000f06cc00'
Event: 1319.493 Thread 0x0000016243eb73b0 Unloading class 0x000000000f029c00 'java/lang/invoke/LambdaForm$DMH+0x000000000f029c00'
Event: 1319.493 Thread 0x0000016243eb73b0 Unloading class 0x000000000f029400 'java/lang/invoke/LambdaForm$DMH+0x000000000f029400'
Event: 1319.493 Thread 0x0000016243eb73b0 Unloading class 0x000000000f029000 'java/lang/invoke/LambdaForm$DMH+0x000000000f029000'

Classes redefined (0 events):
No events

Internal exceptions (20 events):
Event: 2718.842 Thread 0x0000016256421ac0 Exception <a 'sun/nio/fs/WindowsException'{0x000000073bc5a8b8}> (0x000000073bc5a8b8) 
thrown [s\src\hotspot\share\prims\jni.cpp, line 516]
Event: 2719.106 Thread 0x0000016256421ac0 Exception <a 'sun/nio/fs/WindowsException'{0x0000000721df19c8}> (0x0000000721df19c8) 
thrown [s\src\hotspot\share\prims\jni.cpp, line 516]
Event: 2719.125 Thread 0x0000016256421ac0 Exception <a 'sun/nio/fs/WindowsException'{0x000000072071aae8}> (0x000000072071aae8) 
thrown [s\src\hotspot\share\prims\jni.cpp, line 516]
Event: 2719.126 Thread 0x0000016256421ac0 Exception <a 'sun/nio/fs/WindowsException'{0x0000000720727970}> (0x0000000720727970) 
thrown [s\src\hotspot\share\prims\jni.cpp, line 516]
Event: 2719.126 Thread 0x0000016256421ac0 Exception <a 'sun/nio/fs/WindowsException'{0x0000000720734818}> (0x0000000720734818) 
thrown [s\src\hotspot\share\prims\jni.cpp, line 516]
Event: 2719.126 Thread 0x0000016256421ac0 Exception <a 'sun/nio/fs/WindowsException'{0x000000072073f238}> (0x000000072073f238) 
thrown [s\src\hotspot\share\prims\jni.cpp, line 516]
Event: 2719.126 Thread 0x0000016256421ac0 Exception <a 'sun/nio/fs/WindowsException'{0x000000072074c1d0}> (0x000000072074c1d0) 
thrown [s\src\hotspot\share\prims\jni.cpp, line 516]
Event: 2719.126 Thread 0x0000016256421ac0 Exception <a 'sun/nio/fs/WindowsException'{0x00000007207591a0}> (0x00000007207591a0) 
thrown [s\src\hotspot\share\prims\jni.cpp, line 516]
Event: 2719.126 Thread 0x0000016256421ac0 Exception <a 'sun/nio/fs/WindowsException'{0x0000000720763bc0}> (0x0000000720763bc0) 
thrown [s\src\hotspot\share\prims\jni.cpp, line 516]
Event: 2719.126 Thread 0x0000016256421ac0 Exception <a 'sun/nio/fs/WindowsException'{0x000000072076e600}> (0x000000072076e600) 
thrown [s\src\hotspot\share\prims\jni.cpp, line 516]
Event: 2719.126 Thread 0x0000016256421ac0 Exception <a 'sun/nio/fs/WindowsException'{0x000000072077b380}> (0x000000072077b380) 
thrown [s\src\hotspot\share\prims\jni.cpp, line 516]
Event: 2719.179 Thread 0x0000016256421ac0 Exception <a 'sun/nio/fs/WindowsException'{0x000000071a431310}> (0x000000071a431310) 
thrown [s\src\hotspot\share\prims\jni.cpp, line 516]
Event: 2719.179 Thread 0x0000016256421ac0 Exception <a 'sun/nio/fs/WindowsException'{0x000000071a43bbb8}> (0x000000071a43bbb8) 
thrown [s\src\hotspot\share\prims\jni.cpp, line 516]
Event: 2719.179 Thread 0x0000016256421ac0 Exception <a 'sun/nio/fs/WindowsException'{0x000000071a4464e0}> (0x000000071a4464e0) 
thrown [s\src\hotspot\share\prims\jni.cpp, line 516]
Event: 2719.179 Thread 0x0000016256421ac0 Exception <a 'sun/nio/fs/WindowsException'{0x000000071a450a80}> (0x000000071a450a80) 
thrown [s\src\hotspot\share\prims\jni.cpp, line 516]
Event: 2719.179 Thread 0x0000016256421ac0 Exception <a 'sun/nio/fs/WindowsException'{0x000000071a45b348}> (0x000000071a45b348) 
thrown [s\src\hotspot\share\prims\jni.cpp, line 516]
Event: 2719.179 Thread 0x0000016256421ac0 Exception <a 'sun/nio/fs/WindowsException'{0x000000071a4658a0}> (0x000000071a4658a0) 
thrown [s\src\hotspot\share\prims\jni.cpp, line 516]
Event: 2719.179 Thread 0x0000016256421ac0 Exception <a 'sun/nio/fs/WindowsException'{0x000000071a46fe38}> (0x000000071a46fe38) 
thrown [s\src\hotspot\share\prims\jni.cpp, line 516]
Event: 2719.179 Thread 0x0000016256421ac0 Exception <a 'sun/nio/fs/WindowsException'{0x000000071a47a6d8}> (0x000000071a47a6d8) 
thrown [s\src\hotspot\share\prims\jni.cpp, line 516]
Event: 2719.179 Thread 0x0000016256421ac0 Exception <a 'sun/nio/fs/WindowsException'{0x000000071a484f98}> (0x000000071a484f98) 
thrown [s\src\hotspot\share\prims\jni.cpp, line 516]

VM Operations (20 events):
Event: 2721.003 Executing safepoint VM operation: ThreadDump done
Event: 2721.012 Executing safepoint VM operation: ThreadDump
Event: 2721.013 Executing safepoint VM operation: ThreadDump done
Event: 2721.024 Executing safepoint VM operation: ThreadDump
Event: 2721.024 Executing safepoint VM operation: ThreadDump done
Event: 2721.032 Executing safepoint VM operation: ThreadDump
Event: 2721.032 Executing safepoint VM operation: ThreadDump done
Event: 2721.043 Executing safepoint VM operation: ThreadDump
Event: 2721.043 Executing safepoint VM operation: ThreadDump done
Event: 2721.054 Executing safepoint VM operation: ThreadDump
Event: 2721.054 Executing safepoint VM operation: ThreadDump done
Event: 2721.063 Executing safepoint VM operation: ThreadDump
Event: 2721.063 Executing safepoint VM operation: ThreadDump done
Event: 2721.074 Executing safepoint VM operation: ThreadDump
Event: 2721.074 Executing safepoint VM operation: ThreadDump done
Event: 2721.084 Executing safepoint VM operation: ThreadDump
Event: 2721.084 Executing safepoint VM operation: ThreadDump done
Event: 2721.093 Executing safepoint VM operation: ThreadDump
Event: 2721.093 Executing safepoint VM operation: ThreadDump done
Event: 2721.103 Executing safepoint VM operation: ThreadDump

Memory protections (0 events):
No events

Nmethod flushes (20 events):
Event: 2681.292 Thread 0x0000016243eb73b0 flushing  nmethod 0x00000162281d1808
Event: 2681.292 Thread 0x0000016243eb73b0 flushing  nmethod 0x0000016228506888
Event: 2681.292 Thread 0x0000016243eb73b0 flushing  nmethod 0x0000016228a61888
Event: 2681.292 Thread 0x0000016243eb73b0 flushing  nmethod 0x0000016228b1f488
Event: 2681.292 Thread 0x0000016243eb73b0 flushing  nmethod 0x0000016228b20988
Event: 2681.292 Thread 0x0000016243eb73b0 flushing  nmethod 0x0000016228ed2088
Event: 2681.292 Thread 0x0000016243eb73b0 flushing  nmethod 0x00000162293e4988
Event: 2681.292 Thread 0x0000016243eb73b0 flushing  nmethod 0x0000016229469e08
Event: 2681.292 Thread 0x0000016243eb73b0 flushing  nmethod 0x000001622953d888
Event: 2681.292 Thread 0x0000016243eb73b0 flushing  nmethod 0x0000016229976b88
Event: 2681.292 Thread 0x0000016243eb73b0 flushing  nmethod 0x0000016229aa0708
Event: 2681.292 Thread 0x0000016243eb73b0 flushing  nmethod 0x0000016229efdc88
Event: 2681.292 Thread 0x0000016243eb73b0 flushing  nmethod 0x000001622a057588
Event: 2681.292 Thread 0x0000016243eb73b0 flushing  nmethod 0x000001622a06cb88
Event: 2681.292 Thread 0x0000016243eb73b0 flushing  nmethod 0x000001622a2e9788
Event: 2681.292 Thread 0x0000016243eb73b0 flushing  nmethod 0x000001622a430988
Event: 2681.292 Thread 0x0000016243eb73b0 flushing  nmethod 0x000001622a514f08
Event: 2681.292 Thread 0x0000016243eb73b0 flushing  nmethod 0x000001622aa2e288
Event: 2681.292 Thread 0x0000016243eb73b0 flushing  nmethod 0x000001622aa2ec88
Event: 2681.292 Thread 0x0000016243eb73b0 flushing  nmethod 0x000001622ac32308

Events (20 events):
Event: 2656.242 Thread 0x0000016258ca7db0 Thread exited: 0x0000016258ca7db0
Event: 2656.242 Thread 0x000001624e773420 Thread exited: 0x000001624e773420
Event: 2656.410 Thread 0x000001624e776c90 Thread exited: 0x000001624e776c90
Event: 2656.410 Thread 0x000001624e772400 Thread exited: 0x000001624e772400
Event: 2656.410 Thread 0x000001624e776480 Thread exited: 0x000001624e776480
Event: 2656.911 Thread 0x00000162610dbc10 Thread exited: 0x00000162610dbc10
Event: 2657.451 Thread 0x00000162610de460 Thread exited: 0x00000162610de460
Event: 2657.588 Thread 0x00000162610ddc50 Thread exited: 0x00000162610ddc50
Event: 2660.927 Thread 0x0000016243ee6a80 Thread added: 0x000001625b036bf0
Event: 2661.162 Thread 0x000001625b036bf0 Thread exited: 0x000001625b036bf0
Event: 2670.092 Thread 0x0000016243ee6a80 Thread added: 0x000001625b039c50
Event: 2670.092 Thread 0x0000016243ee6a80 Thread added: 0x000001625b038c30
Event: 2670.274 Thread 0x000001625b038c30 Thread exited: 0x000001625b038c30
Event: 2670.291 Thread 0x000001625b039c50 Thread exited: 0x000001625b039c50
Event: 2693.084 Thread 0x0000016243edbe50 Thread added: 0x000001624e773420
Event: 2693.201 Thread 0x000001624e773420 Thread exited: 0x000001624e773420
Event: 2704.133 Thread 0x00000162589bc980 Thread added: 0x00000162583cfa60
Event: 2704.134 Thread 0x00000162583cfa60 Thread exited: 0x00000162583cfa60
Event: 2718.795 Thread 0x0000016243ee6a80 Thread added: 0x000001625a096df0
Event: 2719.919 Thread 0x000001625a096df0 Thread exited: 0x000001625a096df0


Dynamic libraries:
0x00007ff659f90000 - 0x00007ff659f9e000 	C:\Program Files\Eclipse Adoptium\jdk-25.0.4.101-hotspot\bin\java.exe
0x00007ff9c60a0000 - 0x00007ff9c6307000 	C:\WINDOWS\SYSTEM32\ntdll.dll
0x00007ff9c4660000 - 0x00007ff9c472b000 	C:\WINDOWS\System32\KERNEL32.DLL
0x00007ff9c34c0000 - 0x00007ff9c38c2000 	C:\WINDOWS\System32\KERNELBASE.dll
0x00007ff9c3b00000 - 0x00007ff9c3c4c000 	C:\WINDOWS\System32\ucrtbase.dll
0x00007ff9a9ac0000 - 0x00007ff9a9ad6000 	C:\Program Files\Eclipse Adoptium\jdk-25.0.4.101-hotspot\bin\jli.dll
0x00007ff9a9b30000 - 0x00007ff9a9b4e000 	C:\Program Files\Eclipse Adoptium\jdk-25.0.4.101-hotspot\bin\VCRUNTIME140.dll
0x00007ff9c52e0000 - 0x00007ff9c54af000 	C:\WINDOWS\System32\USER32.dll
0x00007ff9c3d90000 - 0x00007ff9c3db7000 	C:\WINDOWS\System32\win32u.dll
0x00007ff9a4350000 - 0x00007ff9a45e0000 	C:\WINDOWS\WinSxS\amd64_microsoft.windows.common-controls_6595b64144ccf1df_6.0.26100.9278_none_3e0d1ba8e3303201\COMCTL32.dll
0x00007ff9c40e0000 - 0x00007ff9c410b000 	C:\WINDOWS\System32\GDI32.dll
0x00007ff9c3fd0000 - 0x00007ff9c4079000 	C:\WINDOWS\System32\msvcrt.dll
0x00007ff9c3c60000 - 0x00007ff9c3d89000 	C:\WINDOWS\System32\gdi32full.dll
0x00007ff9c38d0000 - 0x00007ff9c3973000 	C:\WINDOWS\System32\msvcp_win.dll
0x00007ff9c54c0000 - 0x00007ff9c54f1000 	C:\WINDOWS\System32\IMM32.DLL
0x00007ff9be170000 - 0x00007ff9be17c000 	C:\Program Files\Eclipse Adoptium\jdk-25.0.4.101-hotspot\bin\vcruntime140_1.dll
0x00007ff9853d0000 - 0x00007ff98545d000 	C:\Program Files\Eclipse Adoptium\jdk-25.0.4.101-hotspot\bin\msvcp140.dll
0x00007ff8b4f90000 - 0x00007ff8b5ec1000 	C:\Program Files\Eclipse Adoptium\jdk-25.0.4.101-hotspot\bin\server\jvm.dll
0x00007ff9c48a0000 - 0x00007ff9c495c000 	C:\WINDOWS\System32\ADVAPI32.dll
0x00007ff9c5530000 - 0x00007ff9c55d9000 	C:\WINDOWS\System32\sechost.dll
0x00007ff9c4970000 - 0x00007ff9c4a88000 	C:\WINDOWS\System32\RPCRT4.dll
0x00007ff9c45c0000 - 0x00007ff9c4640000 	C:\WINDOWS\System32\WS2_32.dll
0x00007ff9c2f40000 - 0x00007ff9c2f9e000 	C:\WINDOWS\SYSTEM32\POWRPROF.dll
0x00007ff9b2300000 - 0x00007ff9b2336000 	C:\WINDOWS\SYSTEM32\WINMM.dll
0x00007ff9bb320000 - 0x00007ff9bb32b000 	C:\WINDOWS\SYSTEM32\VERSION.dll
0x00007ff9c2f20000 - 0x00007ff9c2f35000 	C:\WINDOWS\SYSTEM32\UMPDC.dll
0x00007ff9c1f40000 - 0x00007ff9c1f5b000 	C:\WINDOWS\SYSTEM32\kernel.appcore.dll
0x00007ff9be120000 - 0x00007ff9be12a000 	C:\Program Files\Eclipse Adoptium\jdk-25.0.4.101-hotspot\bin\jimage.dll
0x00007ff9b9e80000 - 0x00007ff9ba0cc000 	C:\WINDOWS\SYSTEM32\DBGHELP.DLL
0x00007ff9c4cf0000 - 0x00007ff9c5075000 	C:\WINDOWS\System32\combase.dll
0x00007ff9c4730000 - 0x00007ff9c4809000 	C:\WINDOWS\System32\OLEAUT32.dll
0x00007ff99d6e0000 - 0x00007ff99d71b000 	C:\WINDOWS\SYSTEM32\dbgcore.DLL
0x00007ff9c3980000 - 0x00007ff9c3a2c000 	C:\WINDOWS\System32\bcryptPrimitives.dll
0x00007ff9a41f0000 - 0x00007ff9a420e000 	C:\Program Files\Eclipse Adoptium\jdk-25.0.4.101-hotspot\bin\java.dll
0x00007ff9c5140000 - 0x00007ff9c52da000 	C:\WINDOWS\System32\ole32.dll
0x00007ff9c58c0000 - 0x00007ff9c6058000 	C:\WINDOWS\System32\SHELL32.dll
0x00007ff9c0ce0000 - 0x00007ff9c158e000 	C:\WINDOWS\SYSTEM32\windows.storage.dll
0x00007ff9c57c0000 - 0x00007ff9c58bb000 	C:\WINDOWS\System32\SHCORE.dll
0x00007ff9c3e40000 - 0x00007ff9c3ea6000 	C:\WINDOWS\System32\shlwapi.dll
0x00007ff9c31c0000 - 0x00007ff9c31e9000 	C:\WINDOWS\SYSTEM32\profapi.dll
0x00007ff99f420000 - 0x00007ff99f431000 	C:\Program Files\Eclipse Adoptium\jdk-25.0.4.101-hotspot\bin\net.dll
0x00007ff9c2530000 - 0x00007ff9c259c000 	C:\WINDOWS\system32\mswsock.dll
0x00007ff99ed70000 - 0x00007ff99ed86000 	C:\Program Files\Eclipse Adoptium\jdk-25.0.4.101-hotspot\bin\nio.dll
0x00007ff99baf0000 - 0x00007ff99bb06000 	C:\Program Files\Eclipse Adoptium\jdk-25.0.4.101-hotspot\bin\zip.dll
0x00007ff963e20000 - 0x00007ff963e38000 	C:\WINDOWS\system32\napinsp.dll
0x00007ff9c1970000 - 0x00007ff9c1ac8000 	C:\WINDOWS\SYSTEM32\DNSAPI.dll
0x00007ff9c22f0000 - 0x00007ff9c22fd000 	C:\WINDOWS\SYSTEM32\DSPARSE.dll
0x00007ff9c18e0000 - 0x00007ff9c1913000 	C:\WINDOWS\SYSTEM32\IPHLPAPI.DLL
0x00007ff9c5520000 - 0x00007ff9c552a000 	C:\WINDOWS\System32\NSI.dll
0x00007ff963e40000 - 0x00007ff963e53000 	C:\WINDOWS\System32\winrnr.dll
0x00007ff963e60000 - 0x00007ff963e87000 	C:\WINDOWS\system32\nlansp_c.dll
0x00007ff9bbca0000 - 0x00007ff9bbcb6000 	C:\WINDOWS\system32\wshbth.dll
0x00007ff9bfda0000 - 0x00007ff9bfdab000 	C:\Windows\System32\rasadhlp.dll
0x00007ff9bb620000 - 0x00007ff9bb6a6000 	C:\WINDOWS\System32\fwpuclnt.dll
0x00007ff9905e0000 - 0x00007ff990604000 	C:\Users\surum\AppData\Local\Temp\jlinenative-3.27.1-2c8286b5865256f3-jlinenative.dll
0x00007ff9be080000 - 0x00007ff9be08a000 	C:\Program Files\Eclipse Adoptium\jdk-25.0.4.101-hotspot\bin\management.dll
0x00007ff9be000000 - 0x00007ff9be00c000 	C:\Program Files\Eclipse Adoptium\jdk-25.0.4.101-hotspot\bin\management_ext.dll
0x00007ff9c4650000 - 0x00007ff9c4658000 	C:\WINDOWS\System32\PSAPI.DLL
0x00007ff9bc4c0000 - 0x00007ff9bc4d0000 	C:\Program Files\Eclipse Adoptium\jdk-25.0.4.101-hotspot\bin\verify.dll
0x00007ff9c2820000 - 0x00007ff9c283b000 	C:\WINDOWS\SYSTEM32\CRYPTSP.dll
0x00007ff9c1ea0000 - 0x00007ff9c1ed9000 	C:\WINDOWS\system32\rsaenh.dll
0x00007ff9c25e0000 - 0x00007ff9c2614000 	C:\WINDOWS\SYSTEM32\USERENV.dll
0x00007ff9c3190000 - 0x00007ff9c31ba000 	C:\WINDOWS\SYSTEM32\bcrypt.dll
0x00007ff9c2840000 - 0x00007ff9c284c000 	C:\WINDOWS\SYSTEM32\CRYPTBASE.dll
0x00007ff95a4b0000 - 0x00007ff95a4f9000 	C:\Users\surum\AppData\Local\Temp\jna-109803752\jna6288548395291860850.dll
0x00007ff9bae70000 - 0x00007ff9bae79000 	C:\Program Files\Eclipse Adoptium\jdk-25.0.4.101-hotspot\bin\syslookup.dll
0x00007ff9c5080000 - 0x00007ff9c512e000 	C:\WINDOWS\System32\clbcatq.dll
0x00007ff9a0760000 - 0x00007ff9a077d000 	C:\WINDOWS\SYSTEM32\amsi.dll
0x00007ff99fcb0000 - 0x00007ff99fd54000 	C:\ProgramData\Microsoft\Windows Defender\Platform\4.18.26080.3-0\MpOav.dll
0x00007ff9b2b40000 - 0x00007ff9b2b98000 	C:\WINDOWS\SYSTEM32\Pdh.dll
0x00007ff99f600000 - 0x00007ff99f611000 	C:\WINDOWS\System32\perfos.dll
0x00007ff9bfd80000 - 0x00007ff9bfd92000 	C:\WINDOWS\SYSTEM32\pfclient.dll
0x00007ff99f620000 - 0x00007ff99f632000 	C:\WINDOWS\System32\perfproc.dll
0x00007ff9c01e0000 - 0x00007ff9c020a000 	C:\WINDOWS\SYSTEM32\Wtsapi32.dll
0x00007ff9c32a0000 - 0x00007ff9c341e000 	C:\WINDOWS\System32\CRYPT32.dll
0x00007ff9c2210000 - 0x00007ff9c2259000 	C:\WINDOWS\SYSTEM32\SspiCli.dll
0x00007ff9c29f0000 - 0x00007ff9c2a54000 	C:\WINDOWS\SYSTEM32\WINSTA.dll
0x00007ff9bac10000 - 0x00007ff9bac19000 	C:\Program Files\Eclipse Adoptium\jdk-25.0.4.101-hotspot\bin\jaas.dll
0x00007ff9bab40000 - 0x00007ff9bab4e000 	C:\Program Files\Eclipse Adoptium\jdk-25.0.4.101-hotspot\bin\sunmscapi.dll
0x00007ff9c2ab0000 - 0x00007ff9c2ae0000 	C:\WINDOWS\SYSTEM32\ncrypt.dll
0x00007ff9c2a60000 - 0x00007ff9c2a9f000 	C:\WINDOWS\SYSTEM32\NTASN1.dll
0x00007ff9a9b20000 - 0x00007ff9a9b29000 	C:\Program Files\Eclipse Adoptium\jdk-25.0.4.101-hotspot\bin\extnet.dll
0x00007ff9c2080000 - 0x00007ff9c20b6000 	C:\WINDOWS\SYSTEM32\ntmarta.dll
0x00007ff980f40000 - 0x00007ff980f48000 	C:\WINDOWS\system32\wshunix.dll
0x00007ff959a00000 - 0x00007ff959b80000 	C:\Program Files\Eclipse Adoptium\jdk-25.0.4.101-hotspot\bin\awt.dll
0x00007ff9c0110000 - 0x00007ff9c01af000 	C:\WINDOWS\SYSTEM32\apphelp.dll
0x00007ff9556c0000 - 0x00007ff9557ba000 	C:\Users\surum\AppData\Local\Temp\sqlite-3.49.1.0-8f92ba86-4ef9-4667-b2c0-89cf4539dace-sqlitejdbc.dll
0x00007ff9bc550000 - 0x00007ff9bc56d000 	C:\WINDOWS\SYSTEM32\dhcpcsvc6.DLL
0x00007ff9bc500000 - 0x00007ff9bc525000 	C:\WINDOWS\SYSTEM32\dhcpcsvc.DLL
0x00007ff9c0610000 - 0x00007ff9c063f000 	C:\WINDOWS\system32\DWMAPI.DLL
0x00007ff9c0360000 - 0x00007ff9c0408000 	C:\WINDOWS\system32\uxtheme.dll

JVMTI agents: none

dbghelp: loaded successfully - version: 4.0.5 - missing functions: none
symbol engine: initialized successfully - sym options: 0x614 - pdb path: .;C:\Program Files\Eclipse Adoptium\jdk-25.0.4.101-hotspot\bin;C:\WINDOWS\SYSTEM32;C:\WINDOWS\WinSxS\amd64_microsoft.windows.common-controls_6595b64144ccf1df_6.0.26100.9278_none_3e0d1ba8e3303201;C:\Program Files\Eclipse Adoptium\jdk-25.0.4.101-hotspot\bin\server;C:\Users\surum\AppData\Local\Temp;C:\Users\surum\AppData\Local\Temp\jna-109803752;C:\ProgramData\Microsoft\Windows Defender\Platform\4.18.26080.3-0

VM Arguments:
jvm_args: -Xms8G -Xmx10G 
java_command: paper.jar --nogui
java_class_path (initial): paper.jar
Launcher Type: SUN_STANDARD

[Global flags]
     intx CICompilerCount                          = 12                                        {product} {ergonomic}
     uint ConcGCThreads                            = 3                                         {product} {ergonomic}
     uint G1ConcRefinementThreads                  = 13                                        {product} {ergonomic}
   size_t G1HeapRegionSize                         = 8388608                                   {product} {ergonomic}
   size_t InitialHeapSize                          = 8589934592                                {product} {command line}
   size_t MarkStackSize                            = 4194304                                   {product} {ergonomic}
   size_t MarkStackSizeMax                         = 536870912                                 {product} {ergonomic}
   size_t MaxHeapSize                              = 10737418240                               {product} {command line}
   size_t MaxNewSize                               = 6442450944                                {product} {ergonomic}
   size_t MinHeapDeltaBytes                        = 8388608                                   {product} {ergonomic}
   size_t MinHeapSize                              = 8589934592                                {product} {command line}
    uintx NonNMethodCodeHeapSize                   = 7667712                                {pd product} {ergonomic}
    uintx NonProfiledCodeHeapSize                  = 122028032                              {pd product} {ergonomic}
    uintx ProfiledCodeHeapSize                     = 122028032                              {pd product} {ergonomic}
    uintx ReservedCodeCacheSize                    = 251723776                              {pd product} {ergonomic}
     bool SegmentedCodeCache                       = true                                      {product} {ergonomic}
   size_t SoftMaxHeapSize                          = 10737418240                            {manageable} {ergonomic}
     bool UseCompressedOops                        = true                           {product lp64_product} {ergonomic}
     bool UseG1GC                                  = true                                      {product} {ergonomic}
     bool UseLargePagesIndividualAllocation        = false                                  {pd product} {ergonomic}

Logging:
Log output configuration:
 #0: stdout all=warning uptime,level,tags foldmultilines=false
 #1: stderr all=off uptime,level,tags foldmultilines=false

Release file:
IMPLEMENTOR="Eclipse Adoptium" 
IMPLEMENTOR_VERSION="Temurin-25.0.4.1+1" 
JAVA_RUNTIME_VERSION="25.0.4.1+1-LTS" 
JAVA_VERSION="25.0.4.1" 
JAVA_VERSION_DATE="2026-08-18" 
LIBC="default" 
MODULES="java.base java.compiler java.datatransfer java.xml java.prefs java.desktop java.instrument java.logging java.management java.security.sasl java.naming java.rmi java.management.rmi java.net.http java.scripting java.security.jgss java.transaction.xa java.sql java.sql.rowset java.xml.crypto java.se java.smartcardio jdk.accessibility jdk.internal.jvmstat jdk.attach jdk.charsets jdk.internal.opt jdk.zipfs jdk.compiler jdk.crypto.cryptoki jdk.crypto.ec jdk.crypto.mscapi jdk.dynalink jdk.internal.ed jdk.editpad jdk.internal.vm.ci jdk.graal.compiler jdk.graal.compiler.management jdk.hotspot.agent jdk.httpserver jdk.incubator.vector jdk.internal.le jdk.internal.md jdk.jartool jdk.javadoc jdk.jcmd jdk.management jdk.management.agent jdk.jconsole jdk.jdeps jdk.jdwp.agent jdk.jdi jdk.jfr jdk.jlink jdk.jpackage jdk.jshell jdk.jsobject jdk.jstatd jdk.localedata jdk.management.jfr jdk.naming.dns jdk.naming.rmi jdk.net jdk.nio.mapmode jdk.sctp jdk.security.auth jdk.security.jgss jdk.unsupported jdk.unsupported.desktop jdk.xml.dom" 
OS_ARCH="x86_64" 
OS_NAME="Windows" 
SOURCE=".:git:520406d87195" 
BUILD_SOURCE="git:e6ba7dec3d07654074559310376a3ae89da5f4ac"
BUILD_SOURCE_REPO="https://github.com/adoptium/temurin-build.git"
SOURCE_REPO="https://github.com/adoptium/jdk25u.git"
FULL_VERSION="25.0.4.1+1-LTS"
SEMANTIC_VERSION="25.0.4.1+1"
BUILD_INFO="OS: Windows Server 2022 Version: 10.0"
JVM_VARIANT="Hotspot"
JVM_VERSION="25.0.4.1+1-LTS"
IMAGE_TYPE="JDK"

Environment Variables:
JAVA_HOME=C:\Program Files\Eclipse Adoptium\jdk-25.0.4.101-hotspot\
PATH=c:\Users\surum\AppData\Roaming\Code\User\globalStorage\github.copilot-chat\debugCommand;c:\Users\surum\AppData\Roaming\Code\User\globalStorage\github.copilot-chat\copilotCli;C:\Program Files\Eclipse Adoptium\jdk-25.0.4.101-hotspot\bin;C:\Program Files\Common Files\Oracle\Java\javapath;C:\WINDOWS\system32;C:\WINDOWS;C:\WINDOWS\System32\Wbem;C:\WINDOWS\System32\WindowsPowerShell\v1.0\;C:\WINDOWS\System32\OpenSSH\;C:\Program Files\Git\cmd;C:\Program Files\NVIDIA Corporation\NVIDIA App\NvDLISR;C:\Program Files (x86)\NVIDIA Corporation\PhysX\Common;%NVM_HOME%;%NVM_SYMLINK%;C:\Program Files\Docker\Docker\resources\bin;C:\Program Files\playit_gg\bin\;C:\Users\surum\AppData\Local\Microsoft\WindowsApps;C:\Users\surum\AppData\Local\Programs\Microsoft VS Code\bin;C:\Users\surum\AppData\Local\gitkraken\bin;C:\Users\surum\AppData\Roaming\npm;C:\Users\surum\AppData\Local\Microsoft\WindowsApps;C:\Users\surum\AppData\Local\nvm;C:\nvm4w\nodejs;C:\Program Files\JetBrains\IntelliJ IDEA Community Edition 2025.2.3\bin;C:\Users\surum\.lmstudio\bin
USERNAME=surum
LANG=en_US.UTF-8
OS=Windows_NT
PROCESSOR_IDENTIFIER=AMD64 Family 25 Model 97 Stepping 2, AuthenticAMD
TMP=C:\Users\surum\AppData\Local\Temp
TEMP=C:\Users\surum\AppData\Local\Temp




Compilation memory statistics disabled.

Periodic native trim disabled

---------------  S Y S T E M  ---------------

OS:
 Windows 11 , 64 bit Build 26100 (10.0.26100.9444)
OS uptime: 4 days 10:36 hours
Hyper-V role detected

CPU: total 16 (initial active 16) (16 cores per cpu, 2 threads per core) family 25 model 97 stepping 2 microcode 0xa601206, cx8, cmov, fxsr, ht, mmx, 3dnowpref, sse, sse2, sse3, ssse3, sse4a, sse4.1, sse4.2, popcnt, lzcnt, tsc, tscinvbit, avx, avx2, aes, erms, clmul, bmi1, bmi2, adx, avx512f, avx512dq, avx512cd, avx512bw, avx512vl, sha, fma, vzeroupper, avx512_vpopcntdq, avx512_vpclmulqdq, avx512_vaes, avx512_vnni, clflush, clflushopt, clwb, avx512_vbmi2, avx512_vbmi, hv, rdtscp, rdpid, fsrm, gfni, avx512_bitalg, f16c, cet_ss, avx512_ifma
Processor Information for the first 16 processors :
  Max Mhz: 4501, Current Mhz: 4501, Mhz Limit: 4501

Memory: 4k page, system-wide physical 31863M (894M free)
TotalPageFile size 67721M (AvailPageFile size 3M)
current process WorkingSet (physical memory assigned to process): 7900M, peak: 9253M
current process commit charge ("private bytes"): 9083M, peak: 9553M

vm_info: OpenJDK 64-Bit Server VM (25.0.4.1+1-LTS) for windows-amd64 JRE (25.0.4.1+1-LTS), built on 2026-08-18T00:00:00Z with MS VC++ 17.12 (VS2022)

END.
